"subject","group","boxnum","fr","weight_1","weight_2","weight_3","weight_4","weight_5","weight_6","weight_7","weight_8","weight_9","weight_10","weight_11","weight_12","weight_13","weight_14","weight_15","weight_16","weight_17","active_1","active_2","active_3","active_4","active_5","active_6","active_7","active_8","active_9","active_10","active_11","active_12","active_13","active_14","active_15","active_16","active_17","inactive_1","inactive_2","inactive_3","inactive_4","inactive_5","inactive_6","inactive_7","inactive_8","inactive_9","inactive_10","inactive_11","inactive_12","inactive_13","inactive_14","inactive_15","inactive_16","inactive_17","reward_1","reward_2","reward_3","reward_4","reward_5","reward_6","reward_7","reward_8","reward_9","reward_10","reward_11","reward_12","reward_13","reward_14","reward_15","reward_16","reward_17","beam_breaks_1","beam_breaks_2","beam_breaks_3","beam_breaks_4","beam_breaks_5","beam_breaks_6","beam_breaks_7","beam_breaks_8","beam_breaks_9","beam_breaks_10","beam_breaks_11","beam_breaks_12","beam_breaks_13","beam_breaks_14","beam_breaks_15","beam_breaks_16","beam_breaks_17","latency.to.first.active_1","latency.to.first.active_2","latency.to.first.active_3","latency.to.first.active_4","latency.to.first.active_5","latency.to.first.active_6","latency.to.first.active_7","latency.to.first.active_8","latency.to.first.active_9","latency.to.first.active_10","latency.to.first.active_11","latency.to.first.active_12","latency.to.first.active_13","latency.to.first.active_14","latency.to.first.active_15","latency.to.first.active_16","latency.to.first.active_17","latency.to.first.inactive_1","latency.to.first.inactive_2","latency.to.first.inactive_3","latency.to.first.inactive_4","latency.to.first.inactive_5","latency.to.first.inactive_6","latency.to.first.inactive_7","latency.to.first.inactive_8","latency.to.first.inactive_9","latency.to.first.inactive_10","latency.to.first.inactive_11","latency.to.first.inactive_12","latency.to.first.inactive_13","latency.to.first.inactive_14","latency.to.first.inactive_15","latency.to.first.inactive_16","latency.to.first.inactive_17","comments_1","comments_2","comments_3","comments_4","comments_5","comments_6","comments_7","comments_8","comments_9","comments_10","comments_11","comments_12","comments_13","comments_14","comments_15","comments_16","comments_17"
"1","heroin","Box1","1","247","248","242","250","248","252","252","282","255","260","262"," "," "," "," "," "," ","95","55","21","17","15","21","15","15","18","17","14"," "," "," "," "," "," ","26","18","49","47","54","57","7","8","12","18","33"," "," "," "," "," "," ","32","26","21","17","15","21","15","15","18","17","14"," "," "," "," "," "," ","459538","509325","502716","526786","486272","491099","472280","507432","505962","527154","543478"," "," "," "," "," "," ","1.04","66.89","40.02","9.35","111.88","104.62","208.23","49","25.07","0.13","11.86"," "," "," "," "," "," ","1.04","9.93","0.22","9.35","17.9","62.57","78.27","49","24.45","0.13","11.86"," "," "," "," "," "," ","","","","","","","","","","",""," "," "," "," "," "," "
"2","heroin","Box2","1","282","278","272","275","274","279","275","278","285","286","285"," "," "," "," "," "," ","50","89","38","40","54","59","79","61","64","51","78"," "," "," "," "," "," ","27","32","10","71","13","24","5","24","11","41","26"," "," "," "," "," "," ","32","40","38","40","54","59","79","61","64","51","78"," "," "," "," "," "," ","462194","407051","489043","507070","504034","441869","432505","478051","494128","438770","488907"," "," "," "," "," "," ","652.05","39.22","32.18","61.77","20.8","13.16","14.74","54.87","9.74","40.21","44.21"," "," "," "," "," "," ","145.95","39.22","32.18","61.77","20.8","4.58","14.74","42.37","9.74","27.11","27.02"," "," "," "," "," "," ","","","","","","","","","","",""," "," "," "," "," "," "
"3","heroin","Box3","1","270","265","258","254","260","260","263","260","265","271","274"," "," "," "," "," "," ","35","38","21","20","29","30","24","21","32","23","37"," "," "," "," "," "," ","20","32","8","22","7","26","100","48","7","65","5"," "," "," "," "," "," ","19","15","21","20","29","30","24","21","32","23","37"," "," "," "," "," "," ","531074","554568","516090","508297","501366","518395","492740","502740","508470","412940","464585"," "," "," "," "," "," ","258.3","198.75","18.16","31.41","26.05","16.99","222.45","319.03","109.14","347.71","23.9"," "," "," "," "," "," ","107.82","104.23","18.16","31.41","26.05","16.99","9.32","26.8","109.14","113.5","12.36"," "," "," "," "," "," ","","","","","","","","","","",""," "," "," "," "," "," "
"4","heroin","Box4","1","238","242","235","231","234","238","238","240","240","248","250"," "," "," "," "," "," ","43","47","21","19","17","17","14","15","19","14","19"," "," "," "," "," "," ","8","6","0","4","13","12","7","5","0","3","1"," "," "," "," "," "," ","21","26","21","19","17","17","14","15","19","14","19"," "," "," "," "," "," ","352753","475435","430520","481775","485590","432631","425077","345225","309360","356228","287369"," "," "," "," "," "," ","73.23","12.07","124.08","49.42","32.7","32.51","40.94","139.18","28.96","39.74","44.33"," "," "," "," "," "," ","73.23","12.07","124.08","49.42","32.7","32.51","40.94","10.51","28.96","39.74","44.33"," "," "," "," "," "," ","","","","","","","","","","",""," "," "," "," "," "," "
"5","heroin","Box5","1","280","279","264","259","264","268","269","270","26","276","283"," "," "," "," "," "," ","44","50","28","17","18","37","32","29","29","25","28"," "," "," "," "," "," ","10","18","23","48","41","31","60","25","34","119","68"," "," "," "," "," "," ","36","39","28","17","18","37","32","29","29","25","28"," "," "," "," "," "," ","529856","443617","480049","479732","531517","524487","528325","499541","509139","522384","515884"," "," "," "," "," "," ","862.76","483.56","0.9","137.85","17.25","481.03","8.57","27.5","87.43","18.37","96.22"," "," "," "," "," "," ","222.95","432.82","0.9","137.85","17.25","8.79","8.57","27.5","63.32","18.37","45.77"," "," "," "," "," "," ","","","","","","","","","","",""," "," "," "," "," "," "
"6","heroin","Box6","1","261","256","257","250","254","252","252","253","252","259","261"," "," "," "," "," "," ","124","97","24","22","34","35","27","31","42","33","38"," "," "," "," "," "," ","7","0","5","10","1","2","3","0","1","0","21"," "," "," "," "," "," ","42","39","24","22","34","35","27","31","42","33","38"," "," "," "," "," "," ","226656","261676","402594","381511","403020","385206","414656","394083","353678","456515","423387"," "," "," "," "," "," ","380.29","127.62","58.59","21.39","183.03","110.61","33.12","40.89","78.62","66.14","208.71"," "," "," "," "," "," ","356.01","127.62","58.59","21.39","183.03","75.41","33.12","40.89","78.62","66.14","86.36"," "," "," "," "," "," ","","","","","","","","","","",""," "," "," "," "," "," "
"7","heroin","Box7","1","285","283","275","273","275","280","280","282","284","285","290"," "," "," "," "," "," ","56","64","32","41","39","47","44","40","50","40","45"," "," "," "," "," "," ","15","10","13","8","12","14","4","4","3","5","3"," "," "," "," "," "," ","32","25","32","41","39","47","44","40","50","40","45"," "," "," "," "," "," ","468012","397868","174393","190094","192966","111722","187953","236087","284406","329159","272671"," "," "," "," "," "," ","419.26","100.77","8.43","32.07","85.47","56.69","56.7","9.16","43.37","82.92","34.95"," "," "," "," "," "," ","291.72","69.85","8.43","9.88","52.31","17.11","56.7","9.16","27.24","28.97","34.95"," "," "," "," "," "," ","","","","","","","","","","",""," "," "," "," "," "," "
"8","heroin","Box8","1","243","249","246","247","250","251","251","253","252","261","260"," "," "," "," "," "," ","92","113","37","31","34","36","35","43","47","40","42"," "," "," "," "," "," ","10","23","38","64","13","32","33","23","23","13","1"," "," "," "," "," "," ","34","47","37","31","34","36","35","43","47","40","42"," "," "," "," "," "," ","429526","364914","331098","305466","420368","384891","428577","434132","396518","408862","408340"," "," "," "," "," "," ","236.95","28.18","231.15","34.45","204.95","162.38","74.38","91.74","56.49","65.29","111.65"," "," "," "," "," "," ","78.34","28.18","231.15","34.45","179.74","150.89","74.38","82.34","56.49","65.29","111.65"," "," "," "," "," "," ","","","","","","","","","","",""," "," "," "," "," "," "
"9","heroin","Box9","1","269","263","261","256","260","269","270","275","275","273","280"," "," "," "," "," "," ","87","111","45","48","43","54","46","48","58","49","50"," "," "," "," "," "," ","9","9","7","49","35","23","33","14","51","13","110"," "," "," "," "," "," ","37","40","45","48","43","54","46","48","58","49","50"," "," "," "," "," "," ","386349","374743","494675","435384","541370","419690","452676","460246","465082","425063","438495"," "," "," "," "," "," ","30.01","158.25","6.13","33.76","59.1","92.58","56.08","8.78","0.87","55.11","35.18"," "," "," "," "," "," ","30.01","19.07","6.13","33.76","42.45","92.58","56.08","1.65","0.7","38.71","35.18"," "," "," "," "," "," ","","","","","","","","","","",""," "," "," "," "," "," "
"10","saline","Box10","1","251","249","248","254","253","255","260","261","267","270","275"," "," "," "," "," "," ","112","23","14","10","19","17","11","15","17","19","16"," "," "," "," "," "," ","12","7","3","17","22","3","26","22","6","10","13"," "," "," "," "," "," ","44","19","14","10","19","17","11","15","17","19","16"," "," "," "," "," "," ","447739","512257","492218","421163","376675","405885","450086","482605","421575","523500","436922"," "," "," "," "," "," ","7.98","19.54","62.81","7.68","48.5","32.82","9.02","6.57","11.13","60.58","29.19"," "," "," "," "," "," ","7.98","19.54","1.03","7.68","48.5","32.82","9.02","6.57","11.13","25.38","29.19"," "," "," "," "," "," ","","","","","","","","","","",""," "," "," "," "," "," "
"11","saline","Box11","1","293","285","285","283","279","280","282","289","285","290","300"," "," "," "," "," "," ","38","33","5","16","13","12","9","16","25","19","29"," "," "," "," "," "," ","33","21","10","17","19","12","18","21","7","7","15"," "," "," "," "," "," ","26","29","5","16","13","12","9","16","25","19","29"," "," "," "," "," "," "," "," "," "," "," "," "," "," "," "," "," "," "," "," "," "," "," ","55.33","302.64","341.55","22.93","8.38","172.2","162.87","248.35","30.33","48.9","14.18"," "," "," "," "," "," ","55.33","287.36","305.09","22.93","2.96","158.61","1.76","8.07","4.06","48.9","14.18"," "," "," "," "," "," ","","","","","","","","","","",""," "," "," "," "," "," "
"12","saline","Box12","1","274","280","271","270","269","268","268","272","268","275","276"," "," "," "," "," "," ","29","21","2","8","1","2","1","3","7","5","1"," "," "," "," "," "," ","19","13","0","1","0","2","2","4","3","0","1"," "," "," "," "," "," ","22","17","2","8","1","2","1","3","7","5","1"," "," "," "," "," "," "," "," "," "," "," "," "," "," "," "," "," "," "," "," "," "," "," ","453.46","37.09","106.53","108.51","457.73","1951.36","7971.79","439.21","1902.81","225.18","494.09"," "," "," "," "," "," ","212.51","37.09","106.53","108.51","457.73","226.73","7933.07","439.21","273.86","225.18","486.88"," "," "," "," "," "," ","","","","","","","","","","",""," "," "," "," "," "," "
"13","saline","Box13","1","241","295","243","244","250","253","249","252","261","263","271"," "," "," "," "," "," ","67","56","21","20","19","26","12","14","26","34","19"," "," "," "," "," "," ","18","16","11","9","9","8","2","2","13","5","9"," "," "," "," "," "," ","46","39","21","20","19","26","12","14","26","34","19"," "," "," "," "," "," "," "," "," "," "," "," "," "," "," "," "," "," "," "," "," "," "," ","29.57","21.15","46.28","200.04","1180.09","32.28","42.31","144.38","148.07","15.43","18.01"," "," "," "," "," "," ","29.57","21.15","46.28","200.04","227.54","32.28","42.31","144.38","1.58","15.43","18.01"," "," "," "," "," "," ","","","","","","","","","","",""," "," "," "," "," "," "
"14","saline","Box14","1","278","275","272","271","275","276","275","279","277","280","287"," "," "," "," "," "," ","71","45","15","8","4","4","6","5","4","15","29"," "," "," "," "," "," ","44","23","7","4","4","7","2","3","1","6","7"," "," "," "," "," "," ","37","28","15","8","4","4","6","5","4","15","29"," "," "," "," "," "," "," "," "," "," "," "," "," "," "," "," "," "," "," "," "," "," "," ","181.86","12.24","4.53","1.25","1505.97","9.47","13.66","564.23","237.28","21.34","37.3"," "," "," "," "," "," ","124.24","12.24","4.53","1.25","275.44","9.47","13.66","55.92","66.2","21.34","37.3"," "," "," "," "," "," ","","","","","","","","","","",""," "," "," "," "," "," "
"15","saline","Box15","1","254","252","255","257","260","261","258","265","265","269","270"," "," "," "," "," "," ","75","31","5","7","3","0","5","6","7","3","4"," "," "," "," "," "," ","10","24","1","0","1","11","5","6","2","4","2"," "," "," "," "," "," ","42","24","5","7","3","0","5","6","7","3","4"," "," "," "," "," "," "," "," "," "," "," "," "," "," "," "," "," "," "," "," "," "," "," ","92.58","107.31","49.33","76.11","63.26"," ","268.68","102.72","289.91","150.75","252.34"," "," "," "," "," "," ","92.58","100.98","49.33","76.11","63.26","14.22","268.68","102.72","289.91","150.75","252.34"," "," "," "," "," "," ","","","","","","","","","","",""," "," "," "," "," "," "
"16","heroin","Box1","1","294","289","281","281","286","287","289","287","292","294","300"," "," "," "," "," "," ","78","88","26","33","34","43","47","45","152","109","74"," "," "," "," "," "," ","8","7","1","6","18","4","1","2","3","17","3"," "," "," "," "," "," ","43","51","26","33","34","43","47","45","152","109","74"," "," "," "," "," "," ","379826","379248","485738","453719","552793","576164","384810","337366","295004","351344","379951"," "," "," "," "," "," ","29.45","30.18","217.05","58.11","84.31","252.91","57.19","9.47","5.6","50.94","203.73"," "," "," "," "," "," ","22.41","30.18","210.04","58.11","84.31","252.91","57.19","9.47","5.6","47.39","56.75"," "," "," "," "," "," ","","","","","","","","","","",""," "," "," "," "," "," "
"17","heroin","Box2","1","268","289","263","256","265","267","269","263","265","275","280"," "," "," "," "," "," ","120","87","19","15","62","78","85","90","205","83","84"," "," "," "," "," "," ","40","16","27","50","50","4","0","0","13","1","0"," "," "," "," "," "," ","42","30","19","15","62","78","85","90","205","83","84"," "," "," "," "," "," ","308097","457520","491914","475924","405757","390363","297071","307584","313092","459538","341596"," "," "," "," "," "," ","25.77","36.14","58.96","18.59","75.18","34.21","8.7","15.29","50.61","3.09","41.04"," "," "," "," "," "," ","25.77","36.14","58.96","18.59","41.69","34.21","8.7","15.29","26.84","3.09","41.04"," "," "," "," "," "," ","","","","","","","","","","",""," "," "," "," "," "," "
"18","heroin","Box3","1","226","234","235","239","245","247","247","251","254","260","260"," "," "," "," "," "," ","50","60","31","23","15","16","16","14","17","17","20"," "," "," "," "," "," ","18","12","61","39","18","15","5","12","7","15","12"," "," "," "," "," "," ","26","28","31","23","15","16","16","14","17","17","20"," "," "," "," "," "," ","318683","309769","250776","348752","371611","370445","387802","267667","354488","409937","389077"," "," "," "," "," "," ","264.34","11.43","119.29","76.53","42.82","448.58","307.55","127.52","46.18","75.52","130.73"," "," "," "," "," "," ","264.34","11.43","42.39","76.53","42.82","448.58","307.55","127.52","45.98","75.24","125.92"," "," "," "," "," "," ","","","","","","","","","","",""," "," "," "," "," "," "
"19","heroin","Box4","1","248","242","240","234","240","244","240","242","244","251","251"," "," "," "," "," "," ","43","41","21","21","31","29","34","29","41","35","39"," "," "," "," "," "," ","2","1","4","4","4","2","0","0","0","0","0"," "," "," "," "," "," ","33","26","21","21","31","29","34","29","41","35","39"," "," "," "," "," "," ","175786","306374","425625","420496","347304","434954","427434","389790","458278","396568","407255"," "," "," "," "," "," ","219.35","20.41","336.92","258.21","110.99","128.03","99.11","229.88","20.92","24.5","114.99"," "," "," "," "," "," ","54.48","20.41","17.99","22.28","110.99","78.08","99.11","229.88","20.92","24.5","114.99"," "," "," "," "," "," ","","","","","","","","","","",""," "," "," "," "," "," "
"20","heroin","Box5","1","257","258","260","261","265","267","267","267","267","272","275"," "," "," "," "," "," ","41","54","26","22","27","28","40","50","55","53","43"," "," "," "," "," "," ","5","2","12","8","4","2","0","1","1","0","0"," "," "," "," "," "," ","26","32","26","22","27","28","40","50","55","53","43"," "," "," "," "," "," ","653398","586198","634865","639427","682685","657447","645239","643028","639824","644954","669575"," "," "," "," "," "," ","385.68","105.39","5","105","42.07","48.5","89.81","22.44","18.15","83.95","66.8"," "," "," "," "," "," ","161.74","20.44","5","105","42.07","34.95","89.81","22.44","18.15","83.95","66.8"," "," "," "," "," "," ","","","","","","","","","","",""," "," "," "," "," "," "
"21","heroin","Box6","1","269","261","259","258","258","259","261","258","253","261","265"," "," "," "," "," "," ","62","84","106","103","98","72","94","197","241","112","110"," "," "," "," "," "," ","4","5","3","12","10","4","74","18","162","97","58"," "," "," "," "," "," ","45","61","106","103","98","72","94","197","241","112","110"," "," "," "," "," "," ","262408","267134","191013","247279","255881","243573","253567","218240","223289","364963","151835"," "," "," "," "," "," ","199.85","18.35","94.29","177.97","175.86","168.35","41.13","45.36","10.22","117.81","23.35"," "," "," "," "," "," ","199.85","18.35","94.29","177.97","96.76","47.65","35.15","45.36","10.22","47.65","20.13"," "," "," "," "," "," ","","","","","","","","","","",""," "," "," "," "," "," "
"22","heroin","Box7","1","264","260","251","253","248","245","254","252","255","251","260"," "," "," "," "," "," ","45","56","34","44","62","41","65","53","68","59","66"," "," "," "," "," "," ","18","4","17","15","1","3","2","34","28","22","18"," "," "," "," "," "," ","19","33","34","44","62","41","65","53","68","59","66"," "," "," "," "," "," ","291656","389351","412410","338607","383174","443386","438761","487206","465878","385602","480105"," "," "," "," "," "," ","944.53","30.18","57.83","48.49","127.43","31.3","140.14","4.5","20.59","28.86","73.59"," "," "," "," "," "," ","7.03","12.75","57.83","48.49","122.35","31.3","14","4.44","9.8","28.86","73.59"," "," "," "," "," "," ","","","","","","","","","","",""," "," "," "," "," "," "
"23","saline","Box8","1","260","260","253","254","256","254","260","258","263","267","265"," "," "," "," "," "," ","58","53","13","10","4","8","1","6","5","4","7"," "," "," "," "," "," ","26","10","7","8","6","11","6","4","6","13","14"," "," "," "," "," "," ","30","27","13","10","4","8","1","6","5","4","7"," "," "," "," "," "," ","301050","182225","164582","183148","163792","274127","152037","100984","138112","164563","171101"," "," "," "," "," "," ","148.01","42.03","93.12","42.69","880.83","428.09","72.19","52.33","470.24","3611.62","31.65"," "," "," "," "," "," ","148.01","42.03","93.12","42.69","27.01","49.5","62.58","3.17","470.24","1419.36","5.92"," "," "," "," "," "," ","","","","","","","","","","",""," "," "," "," "," "," "
"24","saline","Box9","1","255","252","250","247","253","254","252","252","246","252","259"," "," "," "," "," "," ","199","125","11","19","10","12","8","2","22","23","9"," "," "," "," "," "," ","96","62","13","3","7","7","4","3","8","8","9"," "," "," "," "," "," ","71","50","11","19","10","12","8","2","22","23","9"," "," "," "," "," "," ","536429","519582","563583","549976","672797","684109","692832","578640","564733","611485","607907"," "," "," "," "," "," ","369.7","13.36","38.61","128.73","104.06","123.78","91.89","170.02","60.11","141.69","161.28"," "," "," "," "," "," ","167.78","13.36","38.54","128.73","75.11","123.78","91.89","9.86","60.11","141.69","161.28"," "," "," "," "," "," ","","","","","","","","","","",""," "," "," "," "," "," "
"25","heroin","Box10","1","280","283","271","268","270","281","281","280","281","285","290"," "," "," "," "," "," ","129","106","40","41","28","19","26","21","36","22","19"," "," "," "," "," "," ","40","32","73","15","60","35","24","11","18","25","13"," "," "," "," "," "," ","45","50","40","41","28","19","26","21","36","22","19"," "," "," "," "," "," ","400319","467496","407529","392415","477873","508814","537192","515924","499412","495657","485671"," "," "," "," "," "," ","52.29","34.66","75.33","89.48","143.03","155.71","84.41","126.97","91.06","21.13","46.51"," "," "," "," "," "," ","43.76","34.66","61.47","83.79","36.28","32.35","24.52","94.4","53.74","21.13","46.51"," "," "," "," "," "," ","","","","","","","","","","",""," "," "," "," "," "," "
"26","saline","Box11","1","234","236","241","248","248","246","250","255","260","263","270"," "," "," "," "," "," ","55","29","11","13","4","9","5","1","5","14","5"," "," "," "," "," "," ","6","7","3","9","2","4","6","2","1","9","7"," "," "," "," "," "," ","33","23","11","13","4","9","5","1","5","14","5"," "," "," "," "," "," "," "," "," "," "," "," "," "," "," "," "," "," "," "," "," "," "," ","341.65","14.13","153.16","73.83","8.52","112.67","412.07","3277.24","361.66","19.87","26.51"," "," "," "," "," "," ","341.65","14.13","116.27","73.83","8.52","112.67","412.07","1005.14","361.66","19.87","26.51"," "," "," "," "," "," ","","","","","","","","","","",""," "," "," "," "," "," "
"27","saline","Box12","1","265","272","268","272","270","277","275","281","285","284","284"," "," "," "," "," "," ","19","9","6","9","9","7","8","10","12","14","8"," "," "," "," "," "," ","14","14","22","1","9","9","7","5","12","10","8"," "," "," "," "," "," ","16","9","6","9","9","7","8","10","12","14","8"," "," "," "," "," "," "," "," "," "," "," "," "," "," "," "," "," "," "," "," "," "," "," ","460.73","3.43","357.13","11.76","139.69","25.46","456.71","193.11","85.85","76.26","99.07"," "," "," "," "," "," ","179.37","3.43","357.13","11.76","139.69","25.46","54.86","193.11","85.85","2.66","23.01"," "," "," "," "," "," ","","","","","","","","","","",""," "," "," "," "," "," "
"28","saline","Box13","1","287","282","283","282","280","280","289","291","288","287","289"," "," "," "," "," "," ","52","28","13","17","9","10","7","8","23","12","29"," "," "," "," "," "," ","52","7","13","11","1","0","1","3","5","2","9"," "," "," "," "," "," ","35","20","13","17","9","10","7","8","23","12","29"," "," "," "," "," "," "," "," "," "," "," "," "," "," "," "," "," "," "," "," "," "," "," ","421.37","88.82","14.15","196.53","188.34","106.78","171.21","42.19","8.6","159.9","171.54"," "," "," "," "," "," ","118.47","88.82","3.88","196.53","188.34","106.78","171.21","42.19","8.6","159.9","171.54"," "," "," "," "," "," ","","","","exclude_chewed","chewed_exclude","","","","","",""," "," "," "," "," "," "
"29","saline","Box14","1","274","275","262","264","270","274","274","279","272","274","284"," "," "," "," "," "," ","39","64","14","10","4","4","4","5","1","1","3"," "," "," "," "," "," ","7","22","9","7","5","3","2","12","4","4","3"," "," "," "," "," "," ","23","31","14","10","4","4","4","5","1","1","3"," "," "," "," "," "," "," "," "," "," "," "," "," "," "," "," "," "," "," "," "," "," "," ","9.22","45.75","22.49","31.71","44.61","21.83","76.58","34.95","143.13","9888.13","568.63"," "," "," "," "," "," ","9.22","45.75","22.49","31.71","15.96","8.8","4.17","21.24","143.13","51.64","362.98"," "," "," "," "," "," ","","","","","","","","","","",""," "," "," "," "," "," "
"30","saline","Box15","1","254","250","245","252","260","258","259","264","261","271","274"," "," "," "," "," "," ","31","20","4","7","3","5","2","7","4","4","4"," "," "," "," "," "," ","16","18","5","0","2","1","3","2","4","4","6"," "," "," "," "," "," ","21","18","4","7","3","5","2","7","4","4","4"," "," "," "," "," "," "," "," "," "," "," "," "," "," "," "," "," "," "," "," "," "," "," ","193.86","6.22","32.67","25.54","71.82","232.83","1775.63","58.96","2134.22","241.89","123.55"," "," "," "," "," "," ","193.86","6.22","8.19","25.54","71.82","219.78","599.49","58.96","2066.77","241.89","107.05"," "," "," "," "," "," ","","","","","","","","","","",""," "," "," "," "," "," "
"1","heroin","Box1","5"," "," "," "," "," "," "," "," "," "," "," ","265","269","265","270"," "," "," "," "," "," "," "," "," "," "," "," "," ","90","101","98","161"," "," "," "," "," "," "," "," "," "," "," "," "," ","31","26","50","34"," "," "," "," "," "," "," "," "," "," "," "," "," ","18","20","19","32"," "," "," "," "," "," "," "," "," "," "," "," "," ","561460","583363","569096","580328"," "," "," "," "," "," "," "," "," "," "," "," "," ","29.03","14.19","28.18","28.31"," "," "," "," "," "," "," "," "," "," "," "," "," ","16.39","14.19","28.18","22.95"," "," "," "," "," "," "," "," "," "," "," "," "," ","","","",""," "," "
"2","heroin","Box2","5"," "," "," "," "," "," "," "," "," "," "," ","289","291","295","298"," "," "," "," "," "," "," "," "," "," "," "," "," ","350","295","339","325"," "," "," "," "," "," "," "," "," "," "," "," "," ","11","6","7","1"," "," "," "," "," "," "," "," "," "," "," "," "," ","70","59","67","65"," "," "," "," "," "," "," "," "," "," "," "," "," ","405351","398506","536074","441338"," "," "," "," "," "," "," "," "," "," "," "," "," ","45.8","15.93","23.84","43.58"," "," "," "," "," "," "," "," "," "," "," "," "," ","45.8","15.93","8.71","37.06"," "," "," "," "," "," "," "," "," "," "," "," "," ","","","",""," "," "
"3","heroin","Box3","5"," "," "," "," "," "," "," "," "," "," "," ","270","270","267","274"," "," "," "," "," "," "," "," "," "," "," "," "," ","160","200","95","100"," "," "," "," "," "," "," "," "," "," "," "," "," ","4","2","4","14"," "," "," "," "," "," "," "," "," "," "," "," "," ","32","40","19","20"," "," "," "," "," "," "," "," "," "," "," "," "," ","564329","499637","556431","594891"," "," "," "," "," "," "," "," "," "," "," "," "," ","161.64","154.68","21.3","122.48"," "," "," "," "," "," "," "," "," "," "," "," "," ","114.03","154.68","21.3","29.44"," "," "," "," "," "," "," "," "," "," "," "," "," ","","","",""," "," "
"4","heroin","Box4","5"," "," "," "," "," "," "," "," "," "," "," ","254","251","248","254"," "," "," "," "," "," "," "," "," "," "," "," "," ","55","66","70","81"," "," "," "," "," "," "," "," "," "," "," "," "," ","11","7","11","4"," "," "," "," "," "," "," "," "," "," "," "," "," ","11","13","14","16"," "," "," "," "," "," "," "," "," "," "," "," "," ","362547","357518","341231","271794"," "," "," "," "," "," "," "," "," "," "," "," "," ","19.31","48.91","72.32","86.43"," "," "," "," "," "," "," "," "," "," "," "," "," ","19.31","48.91","72.32","86.43"," "," "," "," "," "," "," "," "," "," "," "," "," ","","","",""," "," "
"5","heroin","Box5","5"," "," "," "," "," "," "," "," "," "," "," ","280","285","282","290"," "," "," "," "," "," "," "," "," "," "," "," "," ","145","179","192","218"," "," "," "," "," "," "," "," "," "," "," "," "," ","56","14","10","10"," "," "," "," "," "," "," "," "," "," "," "," "," ","29","35","38","43"," "," "," "," "," "," "," "," "," "," "," "," "," ","498130","459482","437782","412235"," "," "," "," "," "," "," "," "," "," "," "," "," ","292.95","52.75","17.09","21.63"," "," "," "," "," "," "," "," "," "," "," "," "," ","202.63","52.75","17.09","21.63"," "," "," "," "," "," "," "," "," "," "," "," "," ","","","",""," "," "
"6","heroin","Box6","5"," "," "," "," "," "," "," "," "," "," "," ","263","263","265","275"," "," "," "," "," "," "," "," "," "," "," "," "," ","165","169","209","165"," "," "," "," "," "," "," "," "," "," "," "," "," ","4","7","2","26"," "," "," "," "," "," "," "," "," "," "," "," "," ","33","33","41","33"," "," "," "," "," "," "," "," "," "," "," "," "," ","404853","412809","412009","471266"," "," "," "," "," "," "," "," "," "," "," "," "," ","196.76","108.29","25.11","18.46"," "," "," "," "," "," "," "," "," "," "," "," "," ","129.82","108.29","25.11","18.46"," "," "," "," "," "," "," "," "," "," "," "," "," ","","","",""," "," "
"7","heroin","Box7","5"," "," "," "," "," "," "," "," "," "," "," ","292","293","291","298"," "," "," "," "," "," "," "," "," "," "," "," "," ","180","180","220","235"," "," "," "," "," "," "," "," "," "," "," "," "," ","1","7","6","6"," "," "," "," "," "," "," "," "," "," "," "," "," ","36","36","44","47"," "," "," "," "," "," "," "," "," "," "," "," "," ","276732","353571","409520","391596"," "," "," "," "," "," "," "," "," "," "," "," "," ","7.47","29.64","14.74","19.32"," "," "," "," "," "," "," "," "," "," "," "," "," ","7.47","29.64","8.17","19.32"," "," "," "," "," "," "," "," "," "," "," "," "," ","","","",""," "," "
"8","heroin","Box8","5"," "," "," "," "," "," "," "," "," "," "," ","268","265","271","278"," "," "," "," "," "," "," "," "," "," "," "," "," ","230","195","180","230"," "," "," "," "," "," "," "," "," "," "," "," "," ","12","2","5","5"," "," "," "," "," "," "," "," "," "," "," "," "," ","46","39","36","46"," "," "," "," "," "," "," "," "," "," "," "," "," ","431628","377134","453728","437484"," "," "," "," "," "," "," "," "," "," "," "," "," ","143.44","243.6","84.57","71.3"," "," "," "," "," "," "," "," "," "," "," "," "," ","143.44","243.6","84.57","71.3"," "," "," "," "," "," "," "," "," "," "," "," "," ","","","",""," "," "
"9","heroin","Box9","5"," "," "," "," "," "," "," "," "," "," "," ","282","284","289","289"," "," "," "," "," "," "," "," "," "," "," "," "," ","205","220","247","225"," "," "," "," "," "," "," "," "," "," "," "," "," ","148","47","99","34"," "," "," "," "," "," "," "," "," "," "," "," "," ","41","44","49","45"," "," "," "," "," "," "," "," "," "," "," "," "," ","427973","445350","465771","445507"," "," "," "," "," "," "," "," "," "," "," "," "," ","87.36","2.7","6.43","8.91"," "," "," "," "," "," "," "," "," "," "," "," "," ","64.75","2.7","6.43","8.91"," "," "," "," "," "," "," "," "," "," "," "," "," ","","","",""," "," "
"10","saline","Box10","5"," "," "," "," "," "," "," "," "," "," "," ","276","277","275","278"," "," "," "," "," "," "," "," "," "," "," "," "," ","52","34","26","43"," "," "," "," "," "," "," "," "," "," "," "," "," ","30","29","17","24"," "," "," "," "," "," "," "," "," "," "," "," "," ","10","6","5","8"," "," "," "," "," "," "," "," "," "," "," "," "," ","456679","528259","467979","530459"," "," "," "," "," "," "," "," "," "," "," "," "," ","256.4","25.38","11.92","48.57"," "," "," "," "," "," "," "," "," "," "," "," "," ","52.83","9.39","11.92","34.7"," "," "," "," "," "," "," "," "," "," "," "," "," ","","","",""," "," "
"11","saline","Box11","5"," "," "," "," "," "," "," "," "," "," "," ","298","303","300","308"," "," "," "," "," "," "," "," "," "," "," "," "," ","36","43","45","39"," "," "," "," "," "," "," "," "," "," "," "," "," ","15","18","2","16"," "," "," "," "," "," "," "," "," "," "," "," "," ","7","8","9","7"," "," "," "," "," "," "," "," "," "," "," "," "," "," "," "," "," "," "," "," "," "," "," "," "," "," "," "," "," "," ","23.06","5.81","14.44","5.35"," "," "," "," "," "," "," "," "," "," "," "," "," ","23.06","5.81","14.44","5.35"," "," "," "," "," "," "," "," "," "," "," "," "," ","","","",""," "," "
"12","saline","Box12","5"," "," "," "," "," "," "," "," "," "," "," ","275","271","280","285"," "," "," "," "," "," "," "," "," "," "," "," "," ","5","12","16","24"," "," "," "," "," "," "," "," "," "," "," "," "," ","1","3","3","1"," "," "," "," "," "," "," "," "," "," "," "," "," ","1","2","3","4"," "," "," "," "," "," "," "," "," "," "," "," "," "," "," "," "," "," "," "," "," "," "," "," "," "," "," "," "," "," ","8145.68","1101.5","788.98","191.03"," "," "," "," "," "," "," "," "," "," "," "," "," ","131.25","390.9","788.98","191.03"," "," "," "," "," "," "," "," "," "," "," "," "," ","","","",""," "," "
"13","saline","Box13","5"," "," "," "," "," "," "," "," "," "," "," ","275","273","275","283"," "," "," "," "," "," "," "," "," "," "," "," "," ","14","25","35","62"," "," "," "," "," "," "," "," "," "," "," "," "," ","2","11","3","10"," "," "," "," "," "," "," "," "," "," "," "," "," ","2","5","7","12"," "," "," "," "," "," "," "," "," "," "," "," "," "," "," "," "," "," "," "," "," "," "," "," "," "," "," "," "," "," ","29.1","65.5","40.55","13.7"," "," "," "," "," "," "," "," "," "," "," "," "," ","29.1","16.43","40.55","13.7"," "," "," "," "," "," "," "," "," "," "," "," "," ","","","",""," "," "
"14","saline","Box14","5"," "," "," "," "," "," "," "," "," "," "," ","292","292","293","295"," "," "," "," "," "," "," "," "," "," "," "," "," ","20","33","18","28"," "," "," "," "," "," "," "," "," "," "," "," "," ","11","19","7","6"," "," "," "," "," "," "," "," "," "," "," "," "," ","4","6","3","5"," "," "," "," "," "," "," "," "," "," "," "," "," "," "," "," "," "," "," "," "," "," "," "," "," "," "," "," "," "," ","94.13","12.02","143.21","93.61"," "," "," "," "," "," "," "," "," "," "," "," "," ","94.13","8.27","22.81","93.61"," "," "," "," "," "," "," "," "," "," "," "," "," ","","","",""," "," "
"15","saline","Box15","5"," "," "," "," "," "," "," "," "," "," "," ","276","272","273","275"," "," "," "," "," "," "," "," "," "," "," "," "," ","6","9","5","5"," "," "," "," "," "," "," "," "," "," "," "," "," ","5","1","0","1"," "," "," "," "," "," "," "," "," "," "," "," "," ","1","1","1","1"," "," "," "," "," "," "," "," "," "," "," "," "," "," "," "," "," "," "," "," "," "," "," "," "," "," "," "," "," "," ","185.01","96.65","40.42","2417.98"," "," "," "," "," "," "," "," "," "," "," "," "," ","185.01","96.65","40.42","2417.98"," "," "," "," "," "," "," "," "," "," "," "," "," ","","","",""," "," "
"16","heroin","Box1","5"," "," "," "," "," "," "," "," "," "," "," ","295","291","300","305"," "," "," "," "," "," "," "," "," "," "," "," "," ","286","295","360","311"," "," "," "," "," "," "," "," "," "," "," "," "," ","3","12","5","4"," "," "," "," "," "," "," "," "," "," "," "," "," ","57","59","72","62"," "," "," "," "," "," "," "," "," "," "," "," "," ","361882","373309","357614","336917"," "," "," "," "," "," "," "," "," "," "," "," "," ","104.92","19.46","28.15","38.29"," "," "," "," "," "," "," "," "," "," "," "," "," ","47.11","19.46","22.62","38.29"," "," "," "," "," "," "," "," "," "," "," "," "," ","","","",""," "," "
"17","heroin","Box2","5"," "," "," "," "," "," "," "," "," "," "," ","284","283","277","285"," "," "," "," "," "," "," "," "," "," "," "," "," ","420","508","625","451"," "," "," "," "," "," "," "," "," "," "," "," "," ","6","3","5","0"," "," "," "," "," "," "," "," "," "," "," "," "," ","84","101","125","90"," "," "," "," "," "," "," "," "," "," "," "," "," ","299850","268285","265674","361327"," "," "," "," "," "," "," "," "," "," "," "," "," ","36.39","21.88","14.7","46.77"," "," "," "," "," "," "," "," "," "," "," "," "," ","26.63","21.88","14.7","46.77"," "," "," "," "," "," "," "," "," "," "," "," "," ","","","",""," "," "
"18","heroin","Box3","5"," "," "," "," "," "," "," "," "," "," "," ","264","272","270","279"," "," "," "," "," "," "," "," "," "," "," "," "," ","80","100","127","120"," "," "," "," "," "," "," "," "," "," "," "," "," ","15","15","13","4"," "," "," "," "," "," "," "," "," "," "," "," "," ","16","20","25","24"," "," "," "," "," "," "," "," "," "," "," "," "," ","390417","384353","183609","212409"," "," "," "," "," "," "," "," "," "," "," "," "," ","256.26","172.51","59.77","14.86"," "," "," "," "," "," "," "," "," "," "," "," "," ","256.26","172.51","59.77","14.86"," "," "," "," "," "," "," "," "," "," "," "," "," ","","","",""," "," "
"19","heroin","Box4","5"," "," "," "," "," "," "," "," "," "," "," ","256","254","251","257"," "," "," "," "," "," "," "," "," "," "," "," "," ","120","155","175","160"," "," "," "," "," "," "," "," "," "," "," "," "," ","3","1","8","1"," "," "," "," "," "," "," "," "," "," "," "," "," ","24","31","35","32"," "," "," "," "," "," "," "," "," "," "," "," "," ","419259","463196","464552","485121"," "," "," "," "," "," "," "," "," "," "," "," "," ","65.92","5.18","83.52","88.58"," "," "," "," "," "," "," "," "," "," "," "," "," ","65.92","5.18","83.52","88.58"," "," "," "," "," "," "," "," "," "," "," "," "," ","","","",""," "," "
"20","heroin","Box5","5"," "," "," "," "," "," "," "," "," "," "," ","282","278","267","288"," "," "," "," "," "," "," "," "," "," "," "," "," ","154","250","238","259"," "," "," "," "," "," "," "," "," "," "," "," "," ","8","1","22","0"," "," "," "," "," "," "," "," "," "," "," "," "," ","30","50","47","51"," "," "," "," "," "," "," "," "," "," "," "," "," ","683744","658418","657051","660136"," "," "," "," "," "," "," "," "," "," "," "," "," ","20.62","17.45","42.86","44.66"," "," "," "," "," "," "," "," "," "," "," "," "," ","20.62","17.45","12.88","44.66"," "," "," "," "," "," "," "," "," "," "," "," "," ","","","",""," "," "
"21","heroin","Box6","5"," "," "," "," "," "," "," "," "," "," "," ","266","264","280","279"," "," "," "," "," "," "," "," "," "," "," "," "," ","367","377","329","351"," "," "," "," "," "," "," "," "," "," "," "," "," ","18","2","14","16"," "," "," "," "," "," "," "," "," "," "," "," "," ","73","75","65","70"," "," "," "," "," "," "," "," "," "," "," "," "," ","338798","239184","341172","269271"," "," "," "," "," "," "," "," "," "," "," "," "," ","45.33","15.75","188.31","3.34"," "," "," "," "," "," "," "," "," "," "," "," "," ","45.33","15.75","37.12","3.34"," "," "," "," "," "," "," "," "," "," "," "," "," ","","","",""," "," "
"22","heroin","Box7","5"," "," "," "," "," "," "," "," "," "," "," ","262","262","259","257"," "," "," "," "," "," "," "," "," "," "," "," "," ","260","225","243","210"," "," "," "," "," "," "," "," "," "," "," "," "," ","15","18","21","12"," "," "," "," "," "," "," "," "," "," "," "," "," ","52","45","48","42"," "," "," "," "," "," "," "," "," "," "," "," "," ","480446","428531","388039","446005"," "," "," "," "," "," "," "," "," "," "," "," "," ","19.11","95.16","118.35","73.68"," "," "," "," "," "," "," "," "," "," "," "," "," ","16.56","93.49","87.14","19.59"," "," "," "," "," "," "," "," "," "," "," "," "," ","","","",""," "," "
"23","saline","Box8","5"," "," "," "," "," "," "," "," "," "," "," ","271","279","284","290"," "," "," "," "," "," "," "," "," "," "," "," "," ","14","13","4","12"," "," "," "," "," "," "," "," "," "," "," "," "," ","6","13","9","7"," "," "," "," "," "," "," "," "," "," "," "," "," ","2","2","0","2"," "," "," "," "," "," "," "," "," "," "," "," "," ","222405","220290","159797","209851"," "," "," "," "," "," "," "," "," "," "," "," "," ","229.74","297.01","38.34","489.67"," "," "," "," "," "," "," "," "," "," "," "," "," ","8.6","114.78","38.34","32.34"," "," "," "," "," "," "," "," "," "," "," "," "," ","","","",""," "," "
"24","saline","Box9","5"," "," "," "," "," "," "," "," "," "," "," ","257","263","261","263"," "," "," "," "," "," "," "," "," "," "," "," "," ","8","7","18","35"," "," "," "," "," "," "," "," "," "," "," "," "," ","10","14","7","15"," "," "," "," "," "," "," "," "," "," "," "," "," ","1","1","3","7"," "," "," "," "," "," "," "," "," "," "," "," "," ","640604","594808","644736","623245"," "," "," "," "," "," "," "," "," "," "," "," "," ","278.32","1391.3","286.35","38.68"," "," "," "," "," "," "," "," "," "," "," "," "," ","270.26","286.04","286.35","14.97"," "," "," "," "," "," "," "," "," "," "," "," "," ","","","",""," "," "
"25","heroin","Box10","5"," "," "," "," "," "," "," "," "," "," "," ","293","292","290","293"," "," "," "," "," "," "," "," "," "," "," "," "," ","75","100","162","215"," "," "," "," "," "," "," "," "," "," "," "," "," ","18","20","10","11"," "," "," "," "," "," "," "," "," "," "," "," "," ","15","20","32","43"," "," "," "," "," "," "," "," "," "," "," "," "," ","508562","560823","510881","465319"," "," "," "," "," "," "," "," "," "," "," "," "," ","60.11","165.33","15.07","27.81"," "," "," "," "," "," "," "," "," "," "," "," "," ","4.84","130.47","15.07","9.09"," "," "," "," "," "," "," "," "," "," "," "," "," ","","","",""," "," "
"26","saline","Box11","5"," "," "," "," "," "," "," "," "," "," "," ","270","274","276","286"," "," "," "," "," "," "," "," "," "," "," "," "," ","7","7","10","14"," "," "," "," "," "," "," "," "," "," "," "," "," ","15","4","6","3"," "," "," "," "," "," "," "," "," "," "," "," "," ","1","1","2","2"," "," "," "," "," "," "," "," "," "," "," "," "," "," "," "," "," "," "," "," "," "," "," "," "," "," "," "," "," "," ","13.44","132.62","91.25","212.23"," "," "," "," "," "," "," "," "," "," "," "," "," ","13.44","132.62","91.25","18.23"," "," "," "," "," "," "," "," "," "," "," "," "," ","","","",""," "," "
"27","saline","Box12","5"," "," "," "," "," "," "," "," "," "," "," ","284","286","290","292"," "," "," "," "," "," "," "," "," "," "," "," "," ","2","12","10","9"," "," "," "," "," "," "," "," "," "," "," "," "," ","0","4","5","2"," "," "," "," "," "," "," "," "," "," "," "," "," ","0","2","2","1"," "," "," "," "," "," "," "," "," "," "," "," "," "," "," "," "," "," "," "," "," "," "," "," "," "," "," "," "," "," ","51.6","89.75","58.15","35.28"," "," "," "," "," "," "," "," "," "," "," "," "," ","51.6","89.75","58.15","35.28"," "," "," "," "," "," "," "," "," "," "," "," "," ","","","",""," "," "
"28","saline","Box13","5"," "," "," "," "," "," "," "," "," "," "," ","296","301","298","297"," "," "," "," "," "," "," "," "," "," "," "," "," ","40","61","58","38"," "," "," "," "," "," "," "," "," "," "," "," "," ","23","8","15","2"," "," "," "," "," "," "," "," "," "," "," "," "," ","8","12","11","7"," "," "," "," "," "," "," "," "," "," "," "," "," "," "," "," "," "," "," "," "," "," "," "," "," "," "," "," "," "," ","171.82","160.79","126.63","20.17"," "," "," "," "," "," "," "," "," "," "," "," "," ","171.82","137.65","57.78","20.17"," "," "," "," "," "," "," "," "," "," "," "," "," ","","","",""," "," "
"29","saline","Box14","5"," "," "," "," "," "," "," "," "," "," "," ","289","283","280","283"," "," "," "," "," "," "," "," "," "," "," "," "," ","17","12","8","25"," "," "," "," "," "," "," "," "," "," "," "," "," ","8","11","4","6"," "," "," "," "," "," "," "," "," "," "," "," "," ","3","2","1","5"," "," "," "," "," "," "," "," "," "," "," "," "," "," "," "," "," "," "," "," "," "," "," "," "," "," "," "," "," "," ","627.15","31.26","0.72","14.97"," "," "," "," "," "," "," "," "," "," "," "," "," ","627.15","13.13","0.72","14.97"," "," "," "," "," "," "," "," "," "," "," "," "," ","","","",""," "," "
"30","saline","Box15","5"," "," "," "," "," "," "," "," "," "," "," ","281","279","281","289"," "," "," "," "," "," "," "," "," "," "," "," "," ","48","10","24","9"," "," "," "," "," "," "," "," "," "," "," "," "," ","17","4","8","6"," "," "," "," "," "," "," "," "," "," "," "," "," ","9","2","4","1"," "," "," "," "," "," "," "," "," "," "," "," "," "," "," "," "," "," "," "," "," "," "," "," "," "," "," "," "," "," ","391.47","125.94","11.43","68.58"," "," "," "," "," "," "," "," "," "," "," "," "," ","275.34","125.94","11.43","68.58"," "," "," "," "," "," "," "," "," "," "," "," "," ","","","",""," "," "
"1","heroin","Box1","10"," "," "," "," "," "," "," "," "," "," "," "," "," "," "," ","275","274"," "," "," "," "," "," "," "," "," "," "," "," "," "," "," ","140","256"," "," "," "," "," "," "," "," "," "," "," "," "," "," "," ","43","16"," "," "," "," "," "," "," "," "," "," "," "," "," "," "," ","14","25"," "," "," "," "," "," "," "," "," "," "," "," "," "," "," ","572399","548026"," "," "," "," "," "," "," "," "," "," "," "," "," "," "," ","141.77","11.51"," "," "," "," "," "," "," "," "," "," "," "," "," "," "," ","3.63","11.51"," "," "," "," "," "," "," "," "," "," "," "," "," "," "," ","",""
"2","heroin","Box2","10"," "," "," "," "," "," "," "," "," "," "," "," "," "," "," ","294","295"," "," "," "," "," "," "," "," "," "," "," "," "," "," "," ","630","660"," "," "," "," "," "," "," "," "," "," "," "," "," "," "," ","16","2"," "," "," "," "," "," "," "," "," "," "," "," "," "," "," ","63","66"," "," "," "," "," "," "," "," "," "," "," "," "," "," "," ","406546","381420"," "," "," "," "," "," "," "," "," "," "," "," "," "," "," ","37.45","18.99"," "," "," "," "," "," "," "," "," "," "," "," "," "," "," ","25.7","18.99"," "," "," "," "," "," "," "," "," "," "," "," "," "," "," ","",""
"3","heroin","Box3","10"," "," "," "," "," "," "," "," "," "," "," "," "," "," "," ","270","278"," "," "," "," "," "," "," "," "," "," "," "," "," "," "," ","270","300"," "," "," "," "," "," "," "," "," "," "," "," "," "," "," ","16","3"," "," "," "," "," "," "," "," "," "," "," "," "," "," "," ","27","30"," "," "," "," "," "," "," "," "," "," "," "," "," "," "," ","572044","554390"," "," "," "," "," "," "," "," "," "," "," "," "," "," "," ","21.41","15.89"," "," "," "," "," "," "," "," "," "," "," "," "," "," "," ","21.41","15.89"," "," "," "," "," "," "," "," "," "," "," "," "," "," "," ","",""
"4","heroin","Box4","10"," "," "," "," "," "," "," "," "," "," "," "," "," "," "," ","264","268"," "," "," "," "," "," "," "," "," "," "," "," "," "," "," ","121","171"," "," "," "," "," "," "," "," "," "," "," "," "," "," "," ","8","5"," "," "," "," "," "," "," "," "," "," "," "," "," "," "," ","12","17"," "," "," "," "," "," "," "," "," "," "," "," "," "," "," ","356401","258272"," "," "," "," "," "," "," "," "," "," "," "," "," "," "," ","5.54","29.95"," "," "," "," "," "," "," "," "," "," "," "," "," "," "," ","2.69","29.95"," "," "," "," "," "," "," "," "," "," "," "," "," "," "," ","",""
"5","heroin","Box5","10"," "," "," "," "," "," "," "," "," "," "," "," "," "," "," ","291","290"," "," "," "," "," "," "," "," "," "," "," "," "," "," "," ","310","330"," "," "," "," "," "," "," "," "," "," "," "," "," "," "," ","8","16"," "," "," "," "," "," "," "," "," "," "," "," "," "," "," ","31","33"," "," "," "," "," "," "," "," "," "," "," "," "," "," "," ","387812","445365"," "," "," "," "," "," "," "," "," "," "," "," "," "," "," ","37.15","45.22"," "," "," "," "," "," "," "," "," "," "," "," "," "," "," ","37.15","45.22"," "," "," "," "," "," "," "," "," "," "," "," "," "," "," ","",""
"6","heroin","Box6","10"," "," "," "," "," "," "," "," "," "," "," "," "," "," "," ","274","280"," "," "," "," "," "," "," "," "," "," "," "," "," "," "," ","283","277"," "," "," "," "," "," "," "," "," "," "," "," "," "," "," ","11","19"," "," "," "," "," "," "," "," "," "," "," "," "," "," "," ","28","27"," "," "," "," "," "," "," "," "," "," "," "," "," "," "," ","407067","422086"," "," "," "," "," "," "," "," "," "," "," "," "," "," "," ","54.69","32.93"," "," "," "," "," "," "," "," "," "," "," "," "," "," "," ","54.69","32.93"," "," "," "," "," "," "," "," "," "," "," "," "," "," "," ","",""
"7","heroin","Box7","10"," "," "," "," "," "," "," "," "," "," "," "," "," "," "," ","300","302"," "," "," "," "," "," "," "," "," "," "," "," "," "," "," ","380","430"," "," "," "," "," "," "," "," "," "," "," "," "," "," "," ","0","3"," "," "," "," "," "," "," "," "," "," "," "," "," "," "," ","38","43"," "," "," "," "," "," "," "," "," "," "," "," "," "," "," ","390478","302125"," "," "," "," "," "," "," "," "," "," "," "," "," "," "," ","44.07","57.69"," "," "," "," "," "," "," "," "," "," "," "," "," "," "," ","44.07","45.8"," "," "," "," "," "," "," "," "," "," "," "," "," "," "," ","",""
"8","heroin","Box8","10"," "," "," "," "," "," "," "," "," "," "," "," "," "," "," ","272","279"," "," "," "," "," "," "," "," "," "," "," "," "," "," "," ","312","279"," "," "," "," "," "," "," "," "," "," "," "," "," "," "," ","9","0"," "," "," "," "," "," "," "," "," "," "," "," "," "," "," ","31","27"," "," "," "," "," "," "," "," "," "," "," "," "," "," "," ","501561","553304"," "," "," "," "," "," "," "," "," "," "," "," "," "," "," ","65.49","93.75"," "," "," "," "," "," "," "," "," "," "," "," "," "," "," ","65.49","93.75"," "," "," "," "," "," "," "," "," "," "," "," "," "," "," ","",""
"9","heroin","Box9","10"," "," "," "," "," "," "," "," "," "," "," "," "," "," "," ","293","291"," "," "," "," "," "," "," "," "," "," "," "," "," "," "," ","401","322"," "," "," "," "," "," "," "," "," "," "," "," "," "," "," ","58","60"," "," "," "," "," "," "," "," "," "," "," "," "," "," "," ","40","32"," "," "," "," "," "," "," "," "," "," "," "," "," "," "," ","462385","494246"," "," "," "," "," "," "," "," "," "," "," "," "," "," "," ","8.61","23.19"," "," "," "," "," "," "," "," "," "," "," "," "," "," "," ","8.61","23.19"," "," "," "," "," "," "," "," "," "," "," "," "," "," "," ","",""
"10","saline","Box10","10"," "," "," "," "," "," "," "," "," "," "," "," "," "," "," ","296","292"," "," "," "," "," "," "," "," "," "," "," "," "," "," "," ","48","30"," "," "," "," "," "," "," "," "," "," "," "," "," "," "," ","20","11"," "," "," "," "," "," "," "," "," "," "," "," "," "," "," ","4","3"," "," "," "," "," "," "," "," "," "," "," "," "," "," "," ","481969","482132"," "," "," "," "," "," "," "," "," "," "," "," "," "," "," ","6.69","8.11"," "," "," "," "," "," "," "," "," "," "," "," "," "," "," ","6.69","3.39"," "," "," "," "," "," "," "," "," "," "," "," "," "," "," ","",""
"11","saline","Box11","10"," "," "," "," "," "," "," "," "," "," "," "," "," "," "," ","303","304"," "," "," "," "," "," "," "," "," "," "," "," "," "," "," ","36","16"," "," "," "," "," "," "," "," "," "," "," "," "," "," "," ","3","3"," "," "," "," "," "," "," "," "," "," "," "," "," "," "," ","3","1"," "," "," "," "," "," "," "," "," "," "," "," "," "," "," "," "," "," "," "," "," "," "," "," "," "," "," "," "," "," "," "," ","24.95","59.66"," "," "," "," "," "," "," "," "," "," "," "," "," "," "," ","24.95","59.66"," "," "," "," "," "," "," "," "," "," "," "," "," "," "," ","",""
"12","saline","Box12","10"," "," "," "," "," "," "," "," "," "," "," "," "," "," "," ","285","288"," "," "," "," "," "," "," "," "," "," "," "," "," "," "," ","17","11"," "," "," "," "," "," "," "," "," "," "," "," "," "," "," ","0","3"," "," "," "," "," "," "," "," "," "," "," "," "," "," "," ","1","1"," "," "," "," "," "," "," "," "," "," "," "," "," "," "," "," "," "," "," "," "," "," "," "," "," "," "," "," "," "," "," "," ","1745.85","239.79"," "," "," "," "," "," "," "," "," "," "," "," "," "," "," ","1745.85","239.79"," "," "," "," "," "," "," "," "," "," "," "," "," "," "," ","",""
"13","saline","Box13","10"," "," "," "," "," "," "," "," "," "," "," "," "," "," "," ","284","287"," "," "," "," "," "," "," "," "," "," "," "," "," "," "," ","29","41"," "," "," "," "," "," "," "," "," "," "," "," "," "," "," ","5","2"," "," "," "," "," "," "," "," "," "," "," "," "," "," "," ","2","4"," "," "," "," "," "," "," "," "," "," "," "," "," "," "," "," "," "," "," "," "," "," "," "," "," "," "," "," "," "," "," "," ","1.72","46.89"," "," "," "," "," "," "," "," "," "," "," "," "," "," "," ","1.72","46.89"," "," "," "," "," "," "," "," "," "," "," "," "," "," "," ","",""
"14","saline","Box14","10"," "," "," "," "," "," "," "," "," "," "," "," "," "," "," ","293","298"," "," "," "," "," "," "," "," "," "," "," "," "," "," "," ","14","21"," "," "," "," "," "," "," "," "," "," "," "," "," "," "," ","4","5"," "," "," "," "," "," "," "," "," "," "," "," "," "," "," ","1","2"," "," "," "," "," "," "," "," "," "," "," "," "," "," "," "," "," "," "," "," "," "," "," "," "," "," "," "," "," "," "," "," ","10.66","1.3"," "," "," "," "," "," "," "," "," "," "," "," "," "," "," ","10.66","1.3"," "," "," "," "," "," "," "," "," "," "," "," "," "," "," ","",""
"15","saline","Box15","10"," "," "," "," "," "," "," "," "," "," "," "," "," "," "," ","282","281"," "," "," "," "," "," "," "," "," "," "," "," "," "," "," ","5","2"," "," "," "," "," "," "," "," "," "," "," "," "," "," "," ","1","1"," "," "," "," "," "," "," "," "," "," "," "," "," "," "," ","0","0"," "," "," "," "," "," "," "," "," "," "," "," "," "," "," "," "," "," "," "," "," "," "," "," "," "," "," "," "," "," "," "," ","350.5","127.77"," "," "," "," "," "," "," "," "," "," "," "," "," "," "," ","350.5","127.77"," "," "," "," "," "," "," "," "," "," "," "," "," "," "," ","",""
"16","heroin","Box1","10"," "," "," "," "," "," "," "," "," "," "," "," "," "," "," ","304","308"," "," "," "," "," "," "," "," "," "," "," "," "," "," "," ","470","335"," "," "," "," "," "," "," "," "," "," "," "," "," "," "," ","1","5"," "," "," "," "," "," "," "," "," "," "," "," "," "," "," ","47","33"," "," "," "," "," "," "," "," "," "," "," "," "," "," "," ","339983","354332"," "," "," "," "," "," "," "," "," "," "," "," "," "," "," ","35.42","48.84"," "," "," "," "," "," "," "," "," "," "," "," "," "," "," ","35.42","48.84"," "," "," "," "," "," "," "," "," "," "," "," "," "," "," ","",""
"17","heroin","Box2","10"," "," "," "," "," "," "," "," "," "," "," "," "," "," "," ","289","290"," "," "," "," "," "," "," "," "," "," "," "," "," "," "," ","787","674"," "," "," "," "," "," "," "," "," "," "," "," "," "," "," ","0","0"," "," "," "," "," "," "," "," "," "," "," "," "," "," "," ","78","67"," "," "," "," "," "," "," "," "," "," "," "," "," "," "," ","257029","292871"," "," "," "," "," "," "," "," "," "," "," "," "," "," "," ","25.07","117.02"," "," "," "," "," "," "," "," "," "," "," "," "," "," "," ","25.07","117.02"," "," "," "," "," "," "," "," "," "," "," "," "," "," "," ","",""
"18","heroin","Box3","10"," "," "," "," "," "," "," "," "," "," "," "," "," "," "," ","270","277"," "," "," "," "," "," "," "," "," "," "," "," "," "," "," ","143","123"," "," "," "," "," "," "," "," "," "," "," "," "," "," "," ","10","16"," "," "," "," "," "," "," "," "," "," "," "," "," "," "," ","14","12"," "," "," "," "," "," "," "," "," "," "," "," "," "," "," ","349424","305593"," "," "," "," "," "," "," "," "," "," "," "," "," "," "," ","44.81","154.41"," "," "," "," "," "," "," "," "," "," "," "," "," "," "," ","44.81","144.62"," "," "," "," "," "," "," "," "," "," "," "," "," "," "," ","",""
"19","heroin","Box4","10"," "," "," "," "," "," "," "," "," "," "," "," "," "," "," ","257","262"," "," "," "," "," "," "," "," "," "," "," "," "," "," "," ","266","240"," "," "," "," "," "," "," "," "," "," "," "," "," "," "," ","1","1"," "," "," "," "," "," "," "," "," "," "," "," "," "," "," ","26","24"," "," "," "," "," "," "," "," "," "," "," "," "," "," "," ","423790","409174"," "," "," "," "," "," "," "," "," "," "," "," "," "," "," ","65.31","147.77"," "," "," "," "," "," "," "," "," "," "," "," "," "," "," ","65.31","147.77"," "," "," "," "," "," "," "," "," "," "," "," "," "," "," ","",""
"20","heroin","Box5","10"," "," "," "," "," "," "," "," "," "," "," "," "," "," "," ","296","295"," "," "," "," "," "," "," "," "," "," "," "," "," "," "," ","502","450"," "," "," "," "," "," "," "," "," "," "," "," "," "," "," ","10","19"," "," "," "," "," "," "," "," "," "," "," "," "," "," "," ","50","45"," "," "," "," "," "," "," "," "," "," "," "," "," "," "," ","646513","688086"," "," "," "," "," "," "," "," "," "," "," "," "," "," "," ","21.72","94.13"," "," "," "," "," "," "," "," "," "," "," "," "," "," "," ","21.72","94.13"," "," "," "," "," "," "," "," "," "," "," "," "," "," "," ","",""
"21","heroin","Box6","10"," "," "," "," "," "," "," "," "," "," "," "," "," "," "," ","274","278"," "," "," "," "," "," "," "," "," "," "," "," "," "," "," ","780","710"," "," "," "," "," "," "," "," "," "," "," "," "," "," "," ","3","1"," "," "," "," "," "," "," "," "," "," "," "," "," "," "," ","78","71"," "," "," "," "," "," "," "," "," "," "," "," "," "," "," ","175060","100427"," "," "," "," "," "," "," "," "," "," "," "," "," "," "," ","19.82","22.5"," "," "," "," "," "," "," "," "," "," "," "," "," "," "," ","19.82","3.86"," "," "," "," "," "," "," "," "," "," "," "," "," "," "," ","",""
"22","heroin","Box7","10"," "," "," "," "," "," "," "," "," "," "," "," "," "," "," ","258","259"," "," "," "," "," "," "," "," "," "," "," "," "," "," "," ","361","391"," "," "," "," "," "," "," "," "," "," "," "," "," "," "," ","6","13"," "," "," "," "," "," "," "," "," "," "," "," "," "," "," ","36","39"," "," "," "," "," "," "," "," "," "," "," "," "," "," "," ","522854","481457"," "," "," "," "," "," "," "," "," "," "," "," "," "," "," ","43.08","26.5"," "," "," "," "," "," "," "," "," "," "," "," "," "," "," ","43.08","26.5"," "," "," "," "," "," "," "," "," "," "," "," "," "," "," ","",""
"23","saline","Box8","10"," "," "," "," "," "," "," "," "," "," "," "," "," "," "," ","289","295"," "," "," "," "," "," "," "," "," "," "," "," "," "," "," ","3","3"," "," "," "," "," "," "," "," "," "," "," "," "," "," "," ","2","3"," "," "," "," "," "," "," "," "," "," "," "," "," "," "," ","0","0"," "," "," "," "," "," "," "," "," "," "," "," "," "," "," ","120365","64045"," "," "," "," "," "," "," "," "," "," "," "," "," "," "," ","252.94","393.15"," "," "," "," "," "," "," "," "," "," "," "," "," "," "," ","58.7","88.75"," "," "," "," "," "," "," "," "," "," "," "," "," "," "," ","",""
"24","saline","Box9","10"," "," "," "," "," "," "," "," "," "," "," "," "," "," "," ","264","271"," "," "," "," "," "," "," "," "," "," "," "," "," "," "," ","15","34"," "," "," "," "," "," "," "," "," "," "," "," "," "," "," ","7","7"," "," "," "," "," "," "," "," "," "," "," "," "," "," "," ","1","3"," "," "," "," "," "," "," "," "," "," "," "," "," "," "," ","578373","610418"," "," "," "," "," "," "," "," "," "," "," "," "," "," "," ","209.4","34.92"," "," "," "," "," "," "," "," "," "," "," "," "," "," "," ","209.4","6.96"," "," "," "," "," "," "," "," "," "," "," "," "," "," "," ","",""
"25","heroin","Box10","10"," "," "," "," "," "," "," "," "," "," "," "," "," "," "," ","294","289"," "," "," "," "," "," "," "," "," "," "," "," "," "," "," ","490","410"," "," "," "," "," "," "," "," "," "," "," "," "," "," "," ","3","3"," "," "," "," "," "," "," "," "," "," "," "," "," "," "," ","49","41"," "," "," "," "," "," "," "," "," "," "," "," "," "," "," ","469809","403556"," "," "," "," "," "," "," "," "," "," "," "," "," "," "," ","29.18","151.18"," "," "," "," "," "," "," "," "," "," "," "," "," "," "," ","29.18","151.18"," "," "," "," "," "," "," "," "," "," "," "," "," "," "," ","",""
"26","saline","Box11","10"," "," "," "," "," "," "," "," "," "," "," "," "," "," "," ","284","286"," "," "," "," "," "," "," "," "," "," "," "," "," "," "," ","7","14"," "," "," "," "," "," "," "," "," "," "," "," "," "," "," ","7","3"," "," "," "," "," "," "," "," "," "," "," "," "," "," "," ","0","1"," "," "," "," "," "," "," "," "," "," "," "," "," "," "," "," "," "," "," "," "," "," "," "," "," "," "," "," "," "," "," "," ","78.7","49.73"," "," "," "," "," "," "," "," "," "," "," "," "," "," "," ","66.59","49.73"," "," "," "," "," "," "," "," "," "," "," "," "," "," "," ","",""
"27","saline","Box12","10"," "," "," "," "," "," "," "," "," "," "," "," "," "," "," ","297","297"," "," "," "," "," "," "," "," "," "," "," "," "," "," "," ","11","12"," "," "," "," "," "," "," "," "," "," "," "," "," "," "," ","6","8"," "," "," "," "," "," "," "," "," "," "," "," "," "," "," ","1","1"," "," "," "," "," "," "," "," "," "," "," "," "," "," "," "," "," "," "," "," "," "," "," "," "," "," "," "," "," "," "," "," ","38.9","28.57"," "," "," "," "," "," "," "," "," "," "," "," "," "," "," ","35.91","27.29"," "," "," "," "," "," "," "," "," "," "," "," "," "," "," ","",""
"28","saline","Box13","10"," "," "," "," "," "," "," "," "," "," "," "," "," "," "," ","309","314"," "," "," "," "," "," "," "," "," "," "," "," "," "," "," ","28","51"," "," "," "," "," "," "," "," "," "," "," "," "," "," "," ","7","21"," "," "," "," "," "," "," "," "," "," "," "," "," "," "," ","2","5"," "," "," "," "," "," "," "," "," "," "," "," "," "," "," "," "," "," "," "," "," "," "," "," "," "," "," "," "," "," "," "," ","9.64","14.63"," "," "," "," "," "," "," "," "," "," "," "," "," "," "," ","9.64","14.63"," "," "," "," "," "," "," "," "," "," "," "," "," "," "," ","",""
"29","saline","Box14","10"," "," "," "," "," "," "," "," "," "," "," "," "," "," "," ","290","295"," "," "," "," "," "," "," "," "," "," "," "," "," "," "," ","6","31"," "," "," "," "," "," "," "," "," "," "," "," "," "," "," ","6","19"," "," "," "," "," "," "," "," "," "," "," "," "," "," "," ","0","3"," "," "," "," "," "," "," "," "," "," "," "," "," "," "," "," "," "," "," "," "," "," "," "," "," "," "," "," "," "," "," "," ","462.05","24.5"," "," "," "," "," "," "," "," "," "," "," "," "," "," "," ","462.05","24.5"," "," "," "," "," "," "," "," "," "," "," "," "," "," "," ","",""
"30","saline","Box15","10"," "," "," "," "," "," "," "," "," "," "," "," "," "," "," ","289","291"," "," "," "," "," "," "," "," "," "," "," "," "," "," "," ","5","3"," "," "," "," "," "," "," "," "," "," "," "," "," "," "," ","1","6"," "," "," "," "," "," "," "," "," "," "," "," "," "," "," ","0","0"," "," "," "," "," "," "," "," "," "," "," "," "," "," "," "," "," "," "," "," "," "," "," "," "," "," "," "," "," "," "," "," ","563.4","2508.3"," "," "," "," "," "," "," "," "," "," "," "," "," "," "," ","480.63","2325.41"," "," "," "," "," "," "," "," "," "," "," "," "," "," "," ","",""
