"subject","e.type","group","boxnum","edate","weight","file name","fr","active","inactive","reward","beam1","beam2","beam3","beam4","latency to first active","latency to first inactive","act0-600","act600-1200","act1200-1800","act1800-2400","act2400-3000","act3000-3600","act3600-4200","act4200-4800","act4800-5400","act5400-6000","act6000-6600","act6600-7200","act7200-7800","act7800-8400","act8400-9000","act9000-9600","act9600-10200","act10200-10800","inact0-600","inact600-1200","inact1200-1800","inact1800-2400","inact2400-3000","inact3000-3600","inact3600-4200","inact4200-4800","inact4800-5400","inact5400-6000","inact6000-6600","inact6600-7200","inact7200-7800","inact7800-8400","inact8400-9000","inact9000-9600","inact9600-10200","inact10200-10800","rew0-600","rew600-1200","rew1200-1800","rew1800-2400","rew2400-3000","rew3000-3600","rew3600-4200","rew4200-4800","rew4800-5400","rew5400-6000","rew6000-6600","rew6600-7200","rew7200-7800","rew7800-8400","rew8400-9000","rew9000-9600","rew9600-10200","rew10200-10800","comments"
"1","heroinSA","heroin","Box1","08-18-25","264","heroinSA_FR1_roomE_20250818","1","27","50","20","56601","163729","259445","128440","71.75","71.75","5","1","3","0","1","2","3","2","0","2","2","0","0","1","2","1","1","1","9","1","5","0","5","10","5","2","0","6","4","0","2","17","8","39","3","11","5","1","3","0","1","2","3","2","0","2","2","0","0","1","2","1","1","1","\Box1_Comments:"
"2","heroinSA","heroin","Box2","08-18-25","240","heroinSA_FR1_roomE_20250818","1","112","56","44","228348","188048","87246","38016","295.02","82.58","4","4","9","6","0","2","0","15","0","9","2","12","4","6","11","0","7","21","16","16","11","6","2","2","4","43","0","23","36","12","8","6","11","0","7","21","4","4","9","6","0","2","0","15","0","9","2","12","4","6","11","0","7","21","\Box2_Comments:"
"3","heroinSA","heroin","Box3","08-18-25","218","heroinSA_FR1_roomE_20250818","1","38","28","28","0","169251","133616","71916","239.33","10.22","6","2","1","0","3","4","3","2","0","3","2","2","4","3","3","0","0","0","16","6","3","2","3","4","7","12","2","7","2","2","4","5","11","2","6","0","6","2","1","0","3","4","3","2","0","3","2","2","4","3","3","0","0","0","\Box3_Comments:"
"4","heroinSA","heroin","Box4","08-18-25","230","heroinSA_FR1_roomE_20250818","1","12","3","10","102497","193279","188805","118295","43.42","35.09","3","1","1","1","2","0","0","0","0","0","0","1","0","0","3","0","0","0","5","1","1","1","6","0","0","0","0","0","0","1","0","0","3","0","0","0","3","1","1","1","2","0","0","0","0","0","0","1","0","0","3","0","0","0","\Box4_Comments:"
"5","heroinSA","heroin","Box5","08-18-25","192","heroinSA_FR1_roomE_20250818","1","27","13","11","159353","116851","112292","54962","273.68","25.63","1","10","0","3","0","0","3","0","4","0","0","2","1","1","0","2","0","0","5","18","0","3","0","0","3","0","6","0","0","4","1","1","0","4","0","8","1","10","0","3","0","0","3","0","4","0","0","2","1","1","0","2","0","0","\Box5_Comments:"
"6","heroinSA","heroin","Box6","08-18-25","225","heroinSA_FR1_roomE_20250818","1","32","11","21","70202","200077","236441","90893","162.49","100.67","5","5","2","2","0","0","1","1","4","1","1","2","0","2","1","1","2","2","11","11","4","2","0","0","1","3","4","5","1","2","0","2","1","1","4","2","5","5","2","2","0","0","1","1","4","1","1","2","0","2","1","1","2","2","\Box6_Comments:"
"7","heroinSA","heroin","Box7","08-18-25","247","heroinSA_FR1_roomE_20250818","1","41","7","20","85436","197185","213018","78270","238.22","238.22","8","0","3","4","0","1","4","3","2","0","2","0","1","2","1","6","0","4","8","0","3","6","0","1","4","3","2","2","2","6","1","2","5","6","0","4","8","0","3","4","0","1","4","3","2","0","2","0","1","2","1","6","0","4","\Box7_Comments:"
"8","heroinSA","heroin","Box8","08-18-25","244","heroinSA_FR1_roomE_20250818","1","36","12","23","200489","206505","122643","49186","86.2","6.89","6","2","3","2","1","1","6","0","4","0","0","0","0","2","1","3","2","3","16","2","5","2","1","1","6","0","10","0","2","0","2","2","1","3","2","5","6","2","3","2","1","1","6","0","4","0","0","0","0","2","1","3","2","3","\Box8_Comments:"
"9","heroinSA","heroin","Box9","08-18-25","226","heroinSA_FR1_roomE_20250818","1","13","2","10","209260","214763","108069","33834","363.67","363.67","3","0","0","0","1","0","0","0","0","0","0","0","0","0","0","0","9","0","3","0","0","0","3","0","0","0","0","2","0","0","0","0","0","0","9","0","3","0","0","0","1","0","0","0","0","0","0","0","0","0","0","0","9","0","\Box9_Comments:"
"10","heroinSA","heroin","Box10","08-18-25","212","heroinSA_FR1_roomE_20250818","1","43","34","27","186910","215942","118793","28016","84.94","84.94","6","3","4","4","1","4","1","2","0","5","1","0","5","2","2","1","1","1","6","11","6","4","9","10","9","6","4","9","11","2","11","2","8","1","1","1","6","3","4","4","1","4","1","2","0","5","1","0","5","2","2","1","1","1","\Box10_Comments:"
"1","heroinSA","heroin","Box1","08-19-25","275","heroinSA_FR1_roomE_20250819","1","15","26","13","128718","262737","178990","36031","3.99","3.99","1","3","0","2","1","0","1","0","1","2","0","1","0","1","1","0","1","0","5","9","0","4","3","0","3","0","1","2","16","3","4","9","3","2","1","2","1","3","0","2","1","0","1","0","1","2","0","1","0","1","1","0","1","0","\Box1_Comments:"
"2","heroinSA","heroin","Box2","08-19-25","251","heroinSA_FR1_roomE_20250819","1","88","30","40","163820","126671","126988","118132","26.67","26.67","5","10","11","3","3","0","4","3","2","2","1","0","4","2","0","14","4","20","11","12","23","9","11","0","12","15","4","2","1","0","6","2","0","14","6","20","5","10","11","3","3","0","4","3","2","2","1","0","4","2","0","14","4","20","\Box2_Comments:"
"3","heroinSA","heroin","Box3","08-19-25","220","heroinSA_FR1_roomE_20250819","1","63","23","28","0","178669","105982","45050","205.93","67.98","7","8","1","1","0","3","9","1","9","9","2","2","3","3","2","0","1","2","13","8","3","5","2","9","9","1","11","11","2","8","7","3","2","0","1","14","7","8","1","1","0","3","9","1","9","9","2","2","3","3","2","0","1","2","\Box3_Comments:"
"4","heroinSA","heroin","Box4","08-19-25","236","heroinSA_FR1_roomE_20250819","1","39","7","23","180938","182591","138378","73397","87.08","87.08","5","2","0","1","2","4","2","4","2","2","4","1","0","3","1","3","1","2","5","2","0","1","4","4","2","4","2","2","4","1","0","5","5","3","1","8","5","2","0","1","2","4","2","4","2","2","4","1","0","3","1","3","1","2","\Box4_Comments:"
"5","heroinSA","heroin","Box5","08-19-25","196","heroinSA_FR1_roomE_20250819","1","36","21","22","215760","181130","90631","48776","215.14","171.38","9","1","0","1","0","0","4","2","2","1","2","2","6","2","0","1","1","2","15","5","2","3","0","0","6","4","4","1","2","6","6","4","0","7","7","6","9","1","0","1","0","0","4","2","2","1","2","2","6","2","0","1","1","2","\Box5_Comments:"
"6","heroinSA","heroin","Box6","08-19-25","236","heroinSA_FR1_roomE_20250819","1","27","17","16","171323","250004","136132","42645","298.73","285.76","5","2","0","0","4","0","2","0","0","1","3","2","1","1","2","2","2","0","9","4","0","0","4","0","2","0","0","5","11","2","1","5","4","2","12","0","5","2","0","0","4","0","2","0","0","1","3","2","1","1","2","2","2","0","\Box6_Comments:"
"7","heroinSA","heroin","Box7","08-19-25","252","heroinSA_FR1_roomE_20250819","1","26","22","20","197507","264135","122002","46124","636.55","636.55","0","3","1","2","0","3","0","3","0","5","0","1","2","0","1","2","2","1","0","9","13","4","0","3","0","11","6","7","0","3","2","0","1","4","2","5","0","3","1","2","0","3","0","3","0","5","0","1","2","0","1","2","2","1","\Box7_Comments:"
"8","heroinSA","heroin","Box8","08-19-25","250","heroinSA_FR1_roomE_20250819","1","31","10","20","247829","223503","81038","34322","29.99","29.99","5","5","1","1","2","3","0","1","2","0","3","3","0","1","0","2","1","1","9","5","5","1","4","5","2","3","2","2","3","5","0","1","0","2","1","1","5","5","1","1","2","3","0","1","2","0","3","3","0","1","0","2","1","1","\Box8_Comments:"
"9","heroinSA","heroin","Box9","08-19-25","233","heroinSA_FR1_roomE_20250819","1","14","3","12","123512","288557","171643","27454","504.25","504.25","2","1","0","0","0","2","1","0","1","0","1","1","2","0","2","0","1","0","2","1","4","0","2","2","1","0","1","0","1","1","2","0","2","0","1","0","2","1","0","0","0","2","1","0","1","0","1","1","2","0","2","0","1","0","\Box9_Comments:"
"10","heroinSA","heroin","Box10","08-19-25","223","heroinSA_FR1_roomE_20250819","1","24","9","17","103671","224429","193671","48630","198.45","147.36","5","4","0","1","1","0","1","1","1","2","0","1","1","0","1","0","5","0","13","8","0","3","1","0","3","1","3","2","0","1","1","0","1","0","5","0","5","4","0","1","1","0","1","1","1","2","0","1","1","0","1","0","5","0","\Box10_Comments:"
"1","heroinSA","heroin","Box1","08-20-25","275","heroinSA_FR1_roomE_20250820","1","15","5","11","116467","257638","204542","59715","143.43","143.43","6","1","0","2","0","0","1","1","0","0","0","1","0","0","2","0","0","1","8","1","0","2","0","0","5","1","0","0","0","3","0","0","2","0","0","3","6","1","0","2","0","0","1","1","0","0","0","1","0","0","2","0","0","1","\Box1_Comments:"
"2","heroinSA","heroin","Box2","08-20-25","251","heroinSA_FR1_roomE_20250820","1","75","24","45","178818","207071","104252","79563","30.18","30.18","4","6","3","2","0","0","6","3","11","4","3","6","5","2","5","4","10","1","12","6","5","2","0","0","10","5","15","4","3","6","5","2","5","32","10","1","4","6","3","2","0","0","6","3","11","4","3","6","5","2","5","4","10","1","\Box2_Comments:"
"3","heroinSA","heroin","Box3","08-20-25","220","heroinSA_FR1_roomE_20250820","1","97","38","50","0","215034","87236","42639","342.14","203.19","5","1","0","1","1","4","6","2","20","3","7","5","17","10","4","5","0","6","19","1","0","3","3","4","20","26","20","3","7","5","19","18","8","7","0","10","5","1","0","1","1","4","6","2","20","3","7","5","17","10","4","5","0","6","\Box3_Comments:"
"4","heroinSA","heroin","Box4","08-20-25","236","heroinSA_FR1_roomE_20250820","1","41","11","26","236722","197048","93956","54406","114.42","114.42","3","0","3","0","4","3","2","5","2","1","3","1","3","2","2","3","2","2","5","0","3","0","4","5","4","13","2","1","3","1","3","6","2","3","6","2","3","0","3","0","4","3","2","5","2","1","3","1","3","2","2","3","2","2","\Box4_Comments:"
"5","heroinSA","heroin","Box5","08-20-25","196","heroinSA_FR1_roomE_20250820","1","28","17","24","162524","198373","132975","63239","36.88","36.88","2","2","1","1","3","1","1","2","0","2","5","1","0","0","2","2","1","2","12","4","5","1","3","1","1","8","0","6","11","1","0","0","4","2","1","2","2","2","1","1","3","1","1","2","0","2","5","1","0","0","2","2","1","2","\Box5_Comments:"
"6","heroinSA","heroin","Box6","08-20-25","236","heroinSA_FR1_roomE_20250820","1","25","22","18","119375","251293","165159","41899","59.8","59.8","4","0","2","2","3","4","0","0","1","1","1","1","0","1","2","1","0","2","8","6","4","4","3","4","0","8","11","1","1","5","2","1","6","1","0","4","4","0","2","2","3","4","0","0","1","1","1","1","0","1","2","1","0","2","\Box6_Comments:"
"7","heroinSA","heroin","Box7","08-20-25","252","heroinSA_FR1_roomE_20250820","1","37","33","25","234853","264695","103658","44383","131.21","90.61","8","0","3","1","2","2","1","3","2","1","1","0","3","1","0","2","1","6","24","4","9","7","8","14","7","7","2","1","1","2","5","1","0","2","3","6","8","0","3","1","2","2","1","3","2","1","1","0","3","1","0","2","1","6","\Box7_Comments:"
"8","heroinSA","heroin","Box8","08-20-25","250","heroinSA_FR1_roomE_20250820","1","26","7","20","213333","253515","116719","38923","64.77","64.77","4","3","1","1","1","1","2","2","1","2","0","2","1","0","1","2","0","2","6","3","1","1","1","1","10","2","1","4","0","2","1","0","1","4","0","2","4","3","1","1","1","1","2","2","1","2","0","2","1","0","1","2","0","2","\Box8_Comments:"
"9","heroinSA","heroin","Box9","08-20-25","233","heroinSA_FR1_roomE_20250820","1","16","2","10","114329","298266","163641","23394","155.05","155.05","3","2","1","0","0","0","0","2","0","3","0","0","2","0","0","0","1","2","3","4","1","0","0","0","0","2","0","3","0","0","2","0","0","2","1","2","3","2","1","0","0","0","0","2","0","3","0","0","2","0","0","0","1","2","\Box9_Comments:"
"10","heroinSA","heroin","Box10","08-20-25","223","heroinSA_FR1_roomE_20250820","1","39","36","26","132009","224152","185758","43149","148.74","96","3","0","3","0","3","1","4","2","6","1","4","3","2","2","1","0","3","1","29","0","5","4","11","3","6","6","10","1","4","5","6","2","5","0","5","9","3","0","3","0","3","1","4","2","6","1","4","3","2","2","1","0","3","1","\Box10_Comments:"
"1","heroinSA","heroin","Box1","08-21-25","275","heroinSA_FR1_roomE_20250821","1","19","5","11","100429","233294","177541","71993","335.12","327.6","2","0","2","0","2","0","1","0","0","7","0","0","1","0","3","0","1","0","6","2","2","0","2","0","3","0","0","9","0","0","1","0","3","0","1","0","2","0","2","0","2","0","1","0","0","7","0","0","1","0","3","0","1","0","\Box1_Comments:"
"2","heroinSA","heroin","Box2","08-21-25","250","heroinSA_FR1_roomE_20250821","1","43","12","27","231445","127767","87126","73051","37.03","37.03","5","4","4","5","4","3","5","1","0","1","0","2","2","2","0","2","0","3","7","4","4","5","4","3","5","1","0","7","0","2","4","2","6","4","0","9","5","4","4","5","4","3","5","1","0","1","0","2","2","2","0","2","0","3","\Box2_Comments:"
"3","heroinSA","heroin","Box3","08-21-25","225","heroinSA_FR1_roomE_20250821","1","30","14","17","0","205166","107004","49451","30.04","30.04","9","0","4","0","1","0","1","1","2","3","0","0","1","2","1","3","2","0","21","2","8","0","3","0","7","1","2","3","0","0","1","2","1","5","2","0","9","0","4","0","1","0","1","1","2","3","0","0","1","2","1","3","2","0","\Box3_Comments:"
"4","heroinSA","heroin","Box4","08-21-25","225","heroinSA_FR1_roomE_20250821","1","52","7","35","264439","196183","62253","25733","24.24","24.24","3","3","2","5","0","2","2","3","3","0","2","6","6","1","5","3","2","4","5","5","2","5","0","2","2","5","3","0","4","6","8","1","5","3","2","8","3","3","2","5","0","2","2","3","3","0","2","6","6","1","5","3","2","4","\Box4_Comments:"
"5","heroinSA","heroin","Box5","08-21-25","200","heroinSA_FR1_roomE_20250821","1","26","14","20","185359","170733","94109","40932","370.1","62.65","1","4","5","1","2","0","0","3","0","0","1","3","1","0","3","0","2","0","3","6","11","3","6","2","2","5","0","0","1","3","1","0","3","2","6","0","1","4","5","1","2","0","0","3","0","0","1","3","1","0","3","0","2","0","\Box5_Comments:"
"6","heroinSA","heroin","Box6","08-21-25","225","heroinSA_FR1_roomE_20250821","1","31","17","24","195676","256382","88615","24102","75.22","75.22","11","3","1","1","2","1","1","1","1","2","1","1","1","0","2","0","1","1","15","3","1","1","2","1","11","3","7","2","3","1","9","0","2","2","1","1","11","3","1","1","2","1","1","1","1","2","1","1","1","0","2","0","1","1","\Box6_Comments:"
"7","heroinSA","heroin","Box7","08-21-25","250","heroinSA_FR1_roomE_20250821","1","35","12","27","302893","294652","48354","18961","92.82","92.82","5","1","5","1","0","2","1","1","1","3","2","3","4","1","1","3","1","0","7","7","7","1","0","10","1","1","1","5","2","3","4","1","1","5","3","0","5","1","5","1","0","2","1","1","1","3","2","3","4","1","1","3","1","0","\Box7_Comments:"
"8","heroinSA","heroin","Box8","08-21-25","250","heroinSA_FR1_roomE_20250821","1","29","8","22","195621","221571","121302","42763","150.4","150.4","2","1","3","1","3","1","2","0","6","0","1","1","1","0","3","1","1","2","6","3","3","3","3","1","4","0","6","0","3","3","1","0","5","1","1","2","2","1","3","1","3","1","2","0","6","0","1","1","1","0","3","1","1","2","\Box8_Comments:"
"9","heroinSA","heroin","Box9","08-21-25","225","heroinSA_FR1_roomE_20250821","1","15","5","12","87880","244343","221135","66975","115.97","41.32","3","1","1","1","0","1","0","1","0","2","0","1","0","3","0","0","0","1","11","1","1","1","0","1","0","1","0","2","0","1","0","5","0","0","0","1","3","1","1","1","0","1","0","1","0","2","0","1","0","3","0","0","0","1","\Box9_Comments:"
"10","heroinSA","heroin","Box10","08-21-25","225","heroinSA_FR1_roomE_20250821","1","40","8","27","158621","192731","143796","71701","13.38","13.38","9","6","0","1","4","1","1","2","3","2","1","3","1","0","1","2","2","1","15","6","0","3","6","1","1","2","5","4","1","5","1","0","1","2","2","1","9","6","0","1","4","1","1","2","3","2","1","3","1","0","1","2","2","1","\Box10_Comments:"
"1","heroinSA","heroin","Box1","08-22-25","285","heroinSA_FR1_roomE_20250822","1","34","6","17","174871","241798","147652","49668","250.98","247.48","2","2","0","1","0","0","1","1","0","1","8","1","0","13","0","2","0","2","4","4","0","5","0","2","1","1","0","1","8","1","0","15","0","2","0","2","2","2","0","1","0","0","1","1","0","1","8","1","0","13","0","2","0","2","\Box1_Comments:"
"2","heroinSA","heroin","Box2","08-22-25","266","heroinSA_FR1_roomE_20250822","1","20","15","11","139127","160926","171775","113229","307.69","307.69","3","2","0","0","1","2","1","0","0","1","1","0","0","4","1","3","0","1","3","2","0","2","3","2","3","0","4","1","1","0","0","8","5","15","0","1","3","2","0","0","1","2","1","0","0","1","1","0","0","4","1","3","0","1","\Box2_Comments:"
"3","heroinSA","heroin","Box3","08-22-25","243","heroinSA_FR1_roomE_20250822","1","48","27","29","0","185712","218339","101914","13","13","5","1","0","5","0","5","1","0","2","1","7","9","1","2","7","2","0","0","7","3","0","5","0","5","3","0","8","1","7","15","5","2","23","18","0","0","5","1","0","5","0","5","1","0","2","1","7","9","1","2","7","2","0","0","\Box3_Comments:06"
"4","heroinSA","heroin","Box4","08-22-25","254","heroinSA_FR1_roomE_20250822","1","46","11","27","234891","239322","83999","29789","143.33","124.04","3","4","0","1","0","4","7","0","0","3","1","2","6","2","2","4","6","1","5","4","0","1","0","6","9","0","0","5","1","2","12","2","2","6","12","1","3","4","0","1","0","4","7","0","0","3","1","2","6","2","2","4","6","1","\Box4_Comments:"
"5","heroinSA","heroin","Box5","08-22-25","211","heroinSA_FR1_roomE_20250822","1","50","19","35","223943","196233","94352","47126","154.71","154.71","8","3","6","2","3","0","3","0","4","2","4","1","3","3","2","0","5","1","14","5","8","4","5","0","5","2","4","4","4","5","3","3","12","2","5","3","8","3","6","2","3","0","3","0","4","2","4","1","3","3","2","0","5","1","\Box5_Comments:"
"6","heroinSA","heroin","Box6","08-22-25","260","heroinSA_FR1_roomE_20250822","1","47","15","32","264584","239553","66708","28239","205.62","123.31","8","5","1","2","4","2","0","2","6","0","1","2","3","3","3","2","1","2","14","5","1","2","6","2","0","4","6","0","3","14","7","5","3","2","1","2","8","5","1","2","4","2","0","2","6","0","1","2","3","3","3","2","1","2","\Box6_Comments:"
"7","heroinSA","heroin","Box7","08-22-25","272","heroinSA_FR1_roomE_20250822","1","43","21","31","305217","310568","42974","16305","59.81","59.81","2","6","0","3","2","1","1","5","3","3","0","4","1","2","2","3","3","2","10","18","8","3","8","3","3","9","3","3","0","4","1","2","2","3","3","2","2","6","0","3","2","1","1","5","3","3","0","4","1","2","2","3","3","2","\Box7_Comments:"
"8","heroinSA","heroin","Box8","08-22-25","274","heroinSA_FR1_roomE_20250822","1","17","6","12","232434","228649","91411","37222","371.49","146.46","3","0","1","2","0","1","1","0","2","0","2","1","1","0","2","0","1","0","9","0","1","2","0","1","1","0","2","0","6","1","1","0","4","0","1","0","3","0","1","2","0","1","1","0","2","0","2","1","1","0","2","0","1","0","\Box8_Comments:"
"9","heroinSA","heroin","Box9","08-22-25","252","heroinSA_FR1_roomE_20250822","1","19","3","19","103579","277175","200269","45440","11.99","11.99","4","1","1","1","0","1","1","0","1","1","1","1","0","1","1","0","2","2","10","1","1","1","0","1","1","0","1","1","1","1","0","1","1","0","2","2","4","1","1","1","0","1","1","0","1","1","1","1","0","1","1","0","2","2","\Box9_Comments:"
"10","heroinSA","heroin","Box10","08-22-25","234","heroinSA_FR1_roomE_20250822","1","34","22","23","231729","118260","75133","45079","82.01","30.78","6","4","0","1","7","0","1","3","1","1","2","0","3","0","1","1","2","1","16","4","0","3","19","0","1","9","3","3","6","0","7","0","3","1","2","1","6","4","0","1","7","0","1","3","1","1","2","0","3","0","1","1","2","1","\Box10_Comments:"
"1","heroinSA","heroin","Box1","08-25-25","312","heroinSA_FR1_roomE_20250825","1","19","7","18","65433","211264","264749","106510","45.51","45.51","4","0","2","1","1","1","1","2","0","0","1","2","0","1","2","0","0","1","8","0","2","3","1","1","3","2","0","0","1","6","0","1","2","0","2","1","4","0","2","1","1","1","1","2","0","0","1","2","0","1","2","0","0","1","\Box1_Comments:"
"2","heroinSA","heroin","Box2","08-25-25","301","heroinSA_FR1_roomE_20250825","1","24","13","16","132501","213991","190980","106754","210.61","210.61","5","2","0","1","0","0","3","1","3","0","1","0","2","2","1","1","2","0","7","2","0","7","4","2","9","1","3","0","1","2","2","6","1","1","2","0","5","2","0","1","0","0","3","1","3","0","1","0","2","2","1","1","2","0","\Box2_Comments:"
"3","heroinSA","heroin","Box3","08-25-25","269","heroinSA_FR1_roomE_20250825","1","59","9","35","0","196556","200942","96814","19.06","19.06","4","4","5","14","4","3","1","2","5","1","1","1","1","2","3","1","6","1","12","4","5","14","10","3","1","2","5","1","1","1","1","4","3","3","6","1","4","4","5","14","4","3","1","2","5","1","1","1","1","2","3","1","6","1","\Box3_Comments:"
"4","heroinSA","heroin","Box4","08-25-25","265","heroinSA_FR1_roomE_20250825","1","44","5","26","140372","225703","168921","62044","165.98","162.15","8","2","2","2","2","4","3","0","1","2","4","0","3","2","7","0","2","0","12","2","2","2","2","4","3","0","1","2","4","2","5","2","7","0","4","0","8","2","2","2","2","4","3","0","1","2","4","0","3","2","7","0","2","0","\Box4_Comments:"
"5","heroinSA","heroin","Box5","08-25-25","245","heroinSA_FR1_roomE_20250825","1","42","18","30","134678","232820","164500","52459","69.37","41.83","10","1","2","3","0","0","2","2","2","0","6","0","0","4","3","2","3","2","18","5","2","5","2","0","4","6","4","0","6","0","2","8","7","2","5","2","10","1","2","3","0","0","2","2","2","0","6","0","0","4","3","2","3","2","\Box5_Comments:"
"6","heroinSA","heroin","Box6","08-25-25","274","heroinSA_FR1_roomE_20250825","1","39","18","30","179494","267110","133702","39066","67.79","29.53","6","2","1","2","2","3","0","3","2","4","2","1","3","4","0","0","2","2","16","2","1","4","2","3","2","3","2","6","6","11","5","4","0","4","2","2","6","2","1","2","2","3","0","3","2","4","2","1","3","4","0","0","2","2","\Box6_Comments:"
"7","heroinSA","heroin","Box7","08-25-25","300","heroinSA_FR1_roomE_20250825","1","44","41","28","261153","309065","74199","30673","17.5","17.5","15","2","4","2","0","0","1","4","1","1","3","1","0","2","1","0","5","2","49","8","14","6","0","2","5","4","5","5","5","1","0","4","3","6","7","2","15","2","4","2","0","0","1","4","1","1","3","1","0","2","1","0","5","2","\Box7_Comments:"
"8","heroinSA","heroin","Box8","08-25-25","301","heroinSA_FR1_roomE_20250825","1","19","4","13","213354","240050","108546","32045","159.86","159.86","7","0","1","1","0","1","2","1","2","0","1","1","1","0","0","0","1","0","15","0","1","1","0","1","2","1","2","0","1","1","1","0","0","0","1","0","7","0","1","1","0","1","2","1","2","0","1","1","1","0","0","0","1","0","\Box8_Comments:"
"9","heroinSA","heroin","Box9","08-25-25","276","heroinSA_FR1_roomE_20250825","1","30","14","21","65777","234117","284724","85345","124.8","124.8","6","2","0","2","1","1","2","4","0","1","2","4","1","0","0","3","0","1","10","2","0","2","7","1","2","6","4","1","8","6","1","0","2","5","0","1","6","2","0","2","1","1","2","4","0","1","2","4","1","0","0","3","0","1","\Box9_Comments:"
"10","heroinSA","heroin","Box10","08-25-25","263","heroinSA_FR1_roomE_20250825","1","43","38","27","142578","198012","164167","81601","8.49","4.5","9","4","4","3","1","1","3","2","0","1","4","1","3","0","2","2","3","0","35","4","10","5","5","1","9","4","0","5","14","1","7","4","6","6","3","0","9","4","4","3","1","1","3","2","0","1","4","1","3","0","2","2","3","0","\Box10_Comments:"
"1","heroinSA","heroin","Box1","08-26-25","316","heroinSA_FR1_roomE_20250826","1","16","8","14","107981","283684","184177","51206","21.54","21.54","2","2","0","2","0","3","0","0","1","3","0","0","1","1","0","1","0","0","2","8","0","4","0","3","0","2","1","3","0","0","1","1","0","7","0","0","2","2","0","2","0","3","0","0","1","3","0","0","1","1","0","1","0","0","\Box1_Comments:"
"2","heroinSA","heroin","Box2","08-26-25","292","heroinSA_FR1_roomE_20250826","1","41","14","21","161614","195550","155328","90155","173.53","173.53","7","1","2","2","5","0","1","3","0","2","0","1","1","0","2","0","14","0","13","1","2","2","5","2","3","11","0","4","0","1","1","2","4","0","18","0","7","1","2","2","5","0","1","3","0","2","0","1","1","0","2","0","14","0","\Box2_Comments:"
"3","heroinSA","heroin","Box3","08-26-25","271","heroinSA_FR1_roomE_20250826","1","41","24","27","0","207238","191109","82582","41.98","38.53","5","7","1","1","4","0","3","1","2","3","2","3","0","4","0","4","1","0","15","7","7","1","8","8","5","1","4","3","2","3","2","12","0","10","1","0","5","7","1","1","4","0","3","1","2","3","2","3","0","4","0","4","1","0","\Box3_Comments:"
"4","heroinSA","heroin","Box4","08-26-25","265","heroinSA_FR1_roomE_20250826","1","23","8","18","70721","155599","223837","103902","20.37","20.37","3","0","1","1","1","2","1","2","3","0","3","0","3","0","1","1","0","1","15","0","1","1","1","2","1","2","3","0","7","0","3","0","1","1","0","1","3","0","1","1","1","2","1","2","3","0","3","0","3","0","1","1","0","1","\Box4_Comments:"
"5","heroinSA","heroin","Box5","08-26-25","241","heroinSA_FR1_roomE_20250826","1","31","9","25","164471","202359","139098","41720","37.22","29.51","6","1","2","1","3","2","1","3","0","1","2","0","2","2","1","0","3","1","14","3","2","3","3","6","1","3","0","1","4","0","2","2","1","0","3","1","6","1","2","1","3","2","1","3","0","1","2","0","2","2","1","0","3","1","\Box5_Comments:"
"6","heroinSA","heroin","Box6","08-26-25","270","heroinSA_FR1_roomE_20250826","1","38","7","22","115653","261330","151542","49230","45.46","45.46","8","3","0","3","5","5","1","0","1","1","5","0","1","1","1","2","0","1","10","3","0","5","7","5","1","0","1","1","5","0","1","5","3","4","0","1","8","3","0","3","5","5","1","0","1","1","5","0","1","1","1","2","0","1","\Box6_Comments:"
"7","heroinSA","heroin","Box7","08-26-25","293","heroinSA_FR1_roomE_20250826","1","32","12","21","300616","331392","36342","17239","21.14","20.18","4","2","4","2","2","1","1","0","1","2","1","1","4","0","4","0","1","2","8","4","4","6","4","3","1","2","5","2","1","1","4","0","6","0","1","4","4","2","4","2","2","1","1","0","1","2","1","1","4","0","4","0","1","2","\Box7_Comments:"
"8","heroinSA","heroin","Box8","08-26-25","286","heroinSA_FR1_roomE_20250826","1","22","6","16","214112","257194","100049","27934","86.79","2.37","4","2","1","0","0","1","2","2","2","0","1","0","0","1","0","4","2","0","8","4","3","2","0","1","2","2","2","0","1","0","0","1","0","4","4","0","4","2","1","0","0","1","2","2","2","0","1","0","0","1","0","4","2","0","\Box8_Comments:"
"9","heroinSA","heroin","Box9","08-26-25","275","heroinSA_FR1_roomE_20250826","1","28","6","20","70221","234213","262583","65767","3.99","3.99","8","1","1","1","1","0","3","0","1","4","0","4","0","3","0","1","0","0","16","1","1","1","3","0","3","0","1","4","0","4","0","5","0","1","0","0","8","1","1","1","1","0","3","0","1","4","0","4","0","3","0","1","0","0","\Box9_Comments:"
"10","heroinSA","heroin","Box10","08-26-25","260","heroinSA_FR1_roomE_20250826","1","44","24","22","189200","161693","109669","55606","5.41","5.41","11","2","14","0","0","0","6","0","2","0","1","1","1","2","0","3","0","1","25","2","30","0","0","0","8","0","2","0","5","3","1","8","0","7","0","1","11","2","14","0","0","0","6","0","2","0","1","1","1","2","0","3","0","1","\Box10_Comments:"
"1","heroinSA","heroin","Box1","08-27-25","306","heroinSA_FR1_roomE_20250827","1","14","5","13","97063","259867","219792","77696","188.29","85.31","3","0","3","0","0","1","0","1","0","1","0","1","0","2","0","0","1","1","9","0","3","0","0","1","0","1","0","1","0","1","0","4","2","0","1","1","3","0","3","0","0","1","0","1","0","1","0","1","0","2","0","0","1","1","\Box1_Comments:"
"2","heroinSA","heroin","Box2","08-27-25","287","heroinSA_FR1_roomE_20250827","1","71","8","29","145912","213527","167894","56363","306.34","306.34","6","3","3","3","0","9","1","0","4","2","2","12","0","5","5","11","1","4","8","5","3","7","0","9","1","0","4","2","2","12","0","5","13","11","1","4","6","3","3","3","0","9","1","0","4","2","2","12","0","5","5","11","1","4","\Box2_Comments:"
"3","heroinSA","heroin","Box3","08-27-25","274","heroinSA_FR1_roomE_20250827","1","34","18","23","0","219587","188943","80836","19.96","19.96","8","2","1","1","0","3","3","1","2","1","4","0","1","1","3","0","3","0","16","8","3","3","2","3","7","1","2","1","8","0","3","3","7","0","3","0","8","2","1","1","0","3","3","1","2","1","4","0","1","1","3","0","3","0","\Box3_Comments:"
"4","heroinSA","heroin","Box4","08-27-25","269","heroinSA_FR1_roomE_20250827","1","20","8","12","71115","173983","226787","129838","78.11","6.69","4","0","4","0","2","0","3","0","1","0","3","1","1","0","0","0","0","1","8","0","8","0","4","0","3","0","1","0","3","7","1","0","0","0","0","1","4","0","4","0","2","0","3","0","1","0","3","1","1","0","0","0","0","1","\Box4_Comments:"
"5","heroinSA","heroin","Box5","08-27-25","241","heroinSA_FR1_roomE_20250827","1","25","16","21","128307","195195","146786","57161","19.75","19.75","6","0","1","3","0","4","0","0","2","2","1","1","0","0","2","1","2","0","6","0","5","9","2","6","4","0","2","2","1","3","0","0","6","5","6","0","6","0","1","3","0","4","0","0","2","2","1","1","0","0","2","1","2","0","\Box5_Comments:"
"6","heroinSA","heroin","Box6","08-27-25","269","heroinSA_FR1_roomE_20250827","1","24","10","17","140199","245306","148696","63063","61.96","61.96","7","1","0","5","1","0","0","2","1","2","0","2","0","0","2","1","0","0","13","1","0","11","1","0","0","4","1","2","0","2","0","2","4","3","0","0","7","1","0","5","1","0","0","2","1","2","0","2","0","0","2","1","0","0","\Box6_Comments:"
"7","heroinSA","heroin","Box7","08-27-25","296","heroinSA_FR1_roomE_20250827","1","30","31","22","283570","316085","57556","27491","92.45","64.31","3","2","2","2","2","1","2","2","0","1","0","5","0","2","0","3","2","1","11","4","10","12","8","11","6","2","0","3","0","5","0","4","0","5","6","5","3","2","2","2","2","1","2","2","0","1","0","5","0","2","0","3","2","1","\Box7_Comments:"
"8","heroinSA","heroin","Box8","08-27-25","285","heroinSA_FR1_roomE_20250827","1","71","17","41","214930","119116","63325","40782","36","36","4","2","1","1","1","5","1","0","4","0","4","0","11","0","13","24","0","0","10","8","1","1","1","7","1","0","6","0","10","0","19","0","15","26","0","0","4","2","1","1","1","5","1","0","4","0","4","0","11","0","13","24","0","0","\Box8_Comments:06"
"9","heroinSA","heroin","Box9","08-27-25","276","heroinSA_FR1_roomE_20250827","1","20","9","16","68194","235397","253531","66254","8.27","8.27","4","0","1","1","0","2","1","1","0","3","0","0","2","1","1","3","0","0","8","0","1","9","0","4","1","1","0","5","0","0","2","1","3","3","0","0","4","0","1","1","0","2","1","1","0","3","0","0","2","1","1","3","0","0","\Box9_Comments:"
"10","heroinSA","heroin","Box10","08-27-25","262","heroinSA_FR1_roomE_20250827","1","27","14","20","179261","169775","126947","44536","10.89","10.89","7","2","0","2","0","0","1","0","6","0","1","2","0","0","2","0","2","2","13","4","0","4","0","0","9","0","10","0","1","8","0","0","2","0","2","2","7","2","0","2","0","0","1","0","6","0","1","2","0","0","2","0","2","2","\Box10_Comments:"
"11","heroinSA","heroin","Box1","08-18-25","215","heroinSA_FR1_roomF_20250818","1","72","13","31","223176","153722","96049","70873","32.28","32.28","12","6","1","2","2","3","4","12","0","4","3","2","0","12","5","0","1","3","24","8","3","2","2","3","4","12","0","4","3","2","2","18","5","2","1","3","12","6","1","2","2","3","4","12","0","4","3","2","0","12","5","0","1","3","\Box1_Comments:"
"12","heroinSA","heroin","Box2","08-18-25","187","heroinSA_FR1_roomF_20250818","1","65","6","37","112319","143277","140641","132297","406.9","203.72","4","10","1","2","3","3","1","7","9","0","2","3","3","5","0","3","1","8","6","10","1","2","3","3","1","7","9","0","4","3","3","7","0","5","1","12","4","10","1","2","3","3","1","7","9","0","2","3","3","5","0","3","1","8","\Box2_Comments:"
"13","heroinSA","heroin","Box3","08-18-25","243","heroinSA_FR1_roomF_20250818","1","34","13","20","152889","175756","139728","69508","125.43","125.43","1","6","1","1","3","1","0","3","3","1","0","3","3","0","1","6","0","1","1","18","5","1","3","1","0","3","3","1","0","3","3","2","5","6","0","5","1","6","1","1","3","1","0","3","3","1","0","3","3","0","1","6","0","1","\Box3_Comments:"
"14","heroinSA","heroin","Box4","08-18-25","266","heroinSA_FR1_roomF_20250818","1","11","8","9","126932","181285","179230","107074","7.61","7.61","1","1","1","0","0","0","0","4","0","3","0","0","0","0","0","1","0","0","1","7","1","2","0","2","0","8","0","3","0","2","0","0","0","1","0","0","1","1","1","0","0","0","0","4","0","3","0","0","0","0","0","1","0","0","\Box4_Comments:"
"15","heroinSA","heroin","Box5","08-18-25","211","heroinSA_FR1_roomF_20250818","1","50","9","37","84210","178620","195697","72552","443","73.07","3","6","8","2","4","2","4","1","2","5","0","6","1","2","0","4","0","0","9","6","8","2","4","2","4","1","8","5","0","10","1","2","0","6","0","0","3","6","8","2","4","2","4","1","2","5","0","6","1","2","0","4","0","0","\Box5_Comments:"
"16","heroinSA","heroin","Box6","08-18-25","243","heroinSA_FR1_roomF_20250818","1","34","4","17","67147","160632","191726","156979","62.45","62.45","4","5","4","0","5","0","2","0","0","3","0","1","8","0","2","0","0","0","8","5","4","0","5","0","2","0","0","3","0","1","12","0","2","0","0","0","4","5","4","0","5","0","2","0","0","3","0","1","8","0","2","0","0","0","\Box6_Comments:"
"17","heroinSA","heroin","Box7","08-18-25","281","heroinSA_FR1_roomF_20250818","1","79","21","24","167290","203617","371455","57556","347.56","110.41","7","7","1","2","1","2","7","1","1","11","0","23","0","0","5","1","0","10","13","13","3","4","5","2","11","9","5","11","0","27","0","0","5","1","0","12","7","7","1","2","1","2","7","1","1","11","0","23","0","0","5","1","0","10","\Box7_Comments:"
"18","heroinSA","heroin","Box8","08-18-25","240","heroinSA_FR1_roomF_20250818","1","41","23","23","101623","159352","193502","121668","151.92","22.3","6","3","3","2","2","3","0","1","2","3","1","2","1","0","4","1","4","3","12","15","7","6","2","3","4","1","2","3","1","6","1","4","10","1","6","3","6","3","3","2","2","3","0","1","2","3","1","2","1","0","4","1","4","3","\Box8_Comments:"
"19","heroinSA","heroin","Box9","08-18-25","236","heroinSA_FR1_roomF_20250818","1","39","15","24","59974","210967","376846","67795","159.55","62.39","8","0","5","4","3","1","1","2","1","2","1","0","1","4","4","0","0","2","12","0","11","4","3","1","3","6","1","2","7","0","1","12","4","0","0","2","8","0","5","4","3","1","1","2","1","2","1","0","1","4","4","0","0","2","\Box9_Comments:"
"20","heroinSA","heroin","Box10","08-18-25","228","heroinSA_FR1_roomF_20250818","1","36","9","20","7","6","16","3","245.6","245.6","3","3","2","1","0","2","2","0","1","7","2","0","2","4","0","4","1","2","3","9","2","1","2","4","2","0","1","7","2","0","2","4","8","4","1","2","3","3","2","1","0","2","2","0","1","7","2","0","2","4","0","4","1","2","\Box10_Comments:"
"21","heroinSA","heroin","Box11","08-18-25","223","heroinSA_FR1_roomF_20250818","1","39","6","20","3","0","1","163","27.82","27.82","5","1","0","6","0","2","3","2","0","8","0","3","0","2","1","4","0","2","7","1","0","6","0","2","3","2","0","18","0","3","0","2","1","4","0","2","5","1","0","6","0","2","3","2","0","8","0","3","0","2","1","4","0","2","\Box11_Comments:"
"11","heroinSA","heroin","Box1","08-19-25","227","heroinSA_FR1_roomF_20250819","1","20","21","11","125913","175860","182402","101472","166.61","166.61","5","3","2","3","0","0","0","0","0","0","4","0","1","0","0","2","0","0","19","5","2","9","4","0","2","4","2","4","4","0","1","0","4","2","0","0","5","3","2","3","0","0","0","0","0","0","4","0","1","0","0","2","0","0","\Box1_Comments:"
"12","heroinSA","heroin","Box2","08-19-25","198","heroinSA_FR1_roomF_20250819","1","33","4","30","45747","103688","198906","236650","251.41","113.3","4","2","3","1","2","1","3","2","2","1","1","1","3","1","2","2","2","0","6","2","3","1","2","1","3","2","2","1","1","1","3","5","2","4","2","0","4","2","3","1","2","1","3","2","2","1","1","1","3","1","2","2","2","0","\Box2_Comments:"
"13","heroinSA","heroin","Box3","08-19-25","249","heroinSA_FR1_roomF_20250819","1","21","1","16","74145","186678","219264","107376","54.15","54.15","6","0","1","0","1","1","2","1","0","2","1","1","0","0","3","1","1","0","6","0","1","2","1","1","2","1","0","2","1","1","0","0","3","1","1","0","6","0","1","0","1","1","2","1","0","2","1","1","0","0","3","1","1","0","\Box3_Comments:"
"14","heroinSA","heroin","Box4","08-19-25","263","heroinSA_FR1_roomF_20250819","1","6","0","5","16262","66399","286862","232732","1374.79","1374.79","0","0","2","1","0","0","1","0","0","0","0","0","1","0","0","1","0","0","0","0","2","1","0","0","1","0","0","0","0","0","1","0","0","1","0","0","0","0","2","1","0","0","1","0","0","0","0","0","1","0","0","1","0","0","\Box4_Comments:"
"15","heroinSA","heroin","Box5","08-19-25","220","heroinSA_FR1_roomF_20250819","1","23","9","16","91238","176781","177791","80929","21.21","21.21","7","4","1","0","1","2","1","0","0","2","0","2","0","1","0","1","0","1","11","4","1","0","3","4","7","0","0","2","0","2","0","5","0","1","0","1","7","4","1","0","1","2","1","0","0","2","0","2","0","1","0","1","0","1","\Box5_Comments:"
"16","heroinSA","heroin","Box6","08-19-25","268","heroinSA_FR1_roomF_20250819","1","19","10","8","52182","122491","270368","170400","232.27","165.42","5","0","0","4","0","0","1","0","0","2","0","0","2","1","0","0","4","0","11","0","0","4","0","6","1","2","2","4","0","0","4","1","0","0","4","0","5","0","0","4","0","0","1","0","0","2","0","0","2","1","0","0","4","0","\Box6_Comments:"
"17","heroinSA","heroin","Box7","08-19-25","282","heroinSA_FR1_roomF_20250819","1","22","10","14","115136","254016","444286","49682","71","63.56","7","1","0","0","0","5","0","3","2","0","0","0","1","1","0","0","2","0","11","1","0","0","8","5","0","3","4","0","6","0","1","1","0","0","2","0","7","1","0","0","0","5","0","3","2","0","0","0","1","1","0","0","2","0","\Box7_Comments:"
"18","heroinSA","heroin","Box8","08-19-25","237","heroinSA_FR1_roomF_20250819","1","21","23","17","125123","196933","160854","75171","9.09","9.09","5","1","0","1","3","0","1","1","1","0","2","0","1","0","2","2","1","0","13","1","16","3","5","4","1","3","1","2","4","4","1","2","2","2","3","0","5","1","0","1","3","0","1","1","1","0","2","0","1","0","2","2","1","0","\Box8_Comments:"
"19","heroinSA","heroin","Box9","08-19-25","242","heroinSA_FR1_roomF_20250819","1","79","16","36","137964","119063","453585","113655","280.32","280.32","7","19","6","4","2","4","7","10","0","0","0","11","2","3","1","2","1","0","7","27","6","8","2","12","7","12","0","0","0","13","2","5","3","2","1","4","7","19","6","4","2","4","7","10","0","0","0","11","2","3","1","2","1","0","\Box9_Comments:"
"20","heroinSA","heroin","Box10","08-19-25","235","heroinSA_FR1_roomF_20250819","1","35","18","23","12","12","17","40","38.73","38.73","5","2","3","0","1","1","2","4","2","0","0","6","5","0","1","1","0","2","27","2","7","6","1","1","2","4","2","0","0","8","7","0","1","1","0","2","5","2","3","0","1","1","2","4","2","0","0","6","5","0","1","1","0","2","\Box10_Comments:"
"21","heroinSA","heroin","Box11","08-19-25","231","heroinSA_FR1_roomF_20250819","1","33","7","23","6","2","0","86","241.04","241.04","4","0","1","0","3","4","1","0","0","2","1","2","2","4","2","5","2","0","4","0","1","0","3","4","1","0","0","2","1","2","4","6","4","5","8","2","4","0","1","0","3","4","1","0","0","2","1","2","2","4","2","5","2","0","\Box11_Comments:"
"11","heroinSA","heroin","Box1","08-20-25","227","heroinSA_FR1_roomF_20250820","1","11","13","8","63948","135396","244500","138526","284.46","284.46","2","4","1","0","0","1","1","0","0","0","1","0","0","1","0","0","0","0","10","4","3","0","4","1","1","0","0","0","5","0","2","1","0","2","0","4","2","4","1","0","0","1","1","0","0","0","1","0","0","1","0","0","0","0","\Box1_Comments:"
"12","heroinSA","heroin","Box2","08-20-25","198","heroinSA_FR1_roomF_20250820","1","38","13","30","66541","130581","202400","205485","50.77","50.77","3","4","2","4","2","0","3","2","1","3","3","0","2","2","3","0","0","4","3","4","4","4","4","0","5","2","1","7","3","0","2","4","13","0","0","8","3","4","2","4","2","0","3","2","1","3","3","0","2","2","3","0","0","4","\Box2_Comments:"
"13","heroinSA","heroin","Box3","08-20-25","249","heroinSA_FR1_roomF_20250820","1","100","20","48","115191","171386","170349","127175","245.85","105.26","7","4","1","4","2","1","0","0","5","12","4","5","7","8","18","7","6","9","31","4","1","4","2","1","0","0","7","12","4","9","7","10","18","7","6","17","7","4","1","4","2","1","0","0","5","12","4","5","7","8","18","7","6","9","\Box3_Comments:"
"14","heroinSA","heroin","Box4","08-20-25","263","heroinSA_FR1_roomF_20250820","1","7","3","7","25744","97317","290980","224941","571.61","571.61","2","0","0","0","1","0","1","0","0","1","0","0","0","1","0","0","0","1","2","0","0","0","1","0","1","0","0","1","0","0","0","1","0","0","0","7","2","0","0","0","1","0","1","0","0","1","0","0","0","1","0","0","0","1","\Box4_Comments:"
"15","heroinSA","heroin","Box5","08-20-25","220","heroinSA_FR1_roomF_20250820","1","49","2","29","114173","191232","160573","70902","45.81","45.81","10","8","3","5","0","3","2","6","1","2","1","0","0","1","4","2","0","1","10","8","3","5","0","3","2","6","1","2","3","0","0","1","4","2","2","1","10","8","3","5","0","3","2","6","1","2","1","0","0","1","4","2","0","1","\Box5_Comments:"
"16","heroinSA","heroin","Box6","08-20-25","268","heroinSA_FR1_roomF_20250820","1","37","16","16","63060","189703","259485","114687","483.91","24.77","3","3","0","0","0","0","8","3","1","0","1","0","10","0","2","0","6","0","9","3","0","0","0","0","12","19","1","0","1","0","10","0","2","2","10","0","3","3","0","0","0","0","8","3","1","0","1","0","10","0","2","0","6","0","\Box6_Comments:"
"17","heroinSA","heroin","Box7","08-20-25","282","heroinSA_FR1_roomF_20250820","1","29","11","15","187691","218976","394787","44965","692.51","692.51","0","3","2","0","3","0","0","4","0","0","1","2","1","1","1","8","0","3","0","5","2","2","9","0","0","4","8","0","1","2","1","1","1","8","0","7","0","3","2","0","3","0","0","4","0","0","1","2","1","1","1","8","0","3","\Box7_Comments:"
"18","heroinSA","heroin","Box8","08-20-25","237","heroinSA_FR1_roomF_20250820","1","18","22","13","131962","220808","150716","61179","365.51","54.25","2","0","2","1","0","0","2","3","2","0","1","0","2","1","1","0","1","0","14","2","4","7","0","0","8","15","2","0","1","0","2","1","1","0","3","2","2","0","2","1","0","0","2","3","2","0","1","0","2","1","1","0","1","0","\Box8_Comments:"
"19","heroinSA","heroin","Box9","08-20-25","242","heroinSA_FR1_roomF_20250820","1","17","0","12","92339","255964","398085","29105","89.85","89.85","2","2","0","0","1","0","0","6","3","0","0","0","0","0","1","1","0","1","2","2","0","0","1","0","0","6","3","0","0","0","0","0","1","1","0","1","2","2","0","0","1","0","0","6","3","0","0","0","0","0","1","1","0","1","\Box9_Comments:"
"20","heroinSA","heroin","Box10","08-20-25","235","heroinSA_FR1_roomF_20250820","1","40","37","23","26","23","10","50","244.2","234.97","1","5","4","2","0","4","0","1","7","1","0","0","1","5","2","2","1","4","3","29","22","2","4","4","0","5","9","3","8","8","1","5","2","4","1","4","1","5","4","2","0","4","0","1","7","1","0","0","1","5","2","2","1","4","\Box10_Comments:"
"21","heroinSA","heroin","Box11","08-20-25","231","heroinSA_FR1_roomF_20250820","1","70","9","47","5","1","0","26","8.34","8.34","4","2","5","12","2","2","0","6","2","2","2","6","3","8","5","0","4","5","4","2","5","12","2","2","0","6","2","2","8","6","5","8","7","0","8","9","4","2","5","12","2","2","0","6","2","2","2","6","3","8","5","0","4","5","\Box11_Comments:"
"11","heroinSA","heroin","Box1","08-21-25","225","heroinSA_FR1_roomF_20250821","1","12","9","6","47279","82303","186147","237941","95.82","95.82","7","2","1","1","0","0","0","0","0","0","0","1","0","0","0","0","0","0","13","6","3","1","0","0","0","0","6","0","0","1","0","0","0","0","0","0","7","2","1","1","0","0","0","0","0","0","0","1","0","0","0","0","0","0","\Box1_Comments:"
"12","heroinSA","heroin","Box2","08-21-25","200","heroinSA_FR1_roomF_20250821","1","25","10","16","51103","92509","204873","235663","30.16","30.16","5","0","2","2","1","2","1","0","1","3","0","2","0","2","3","1","0","0","5","2","2","4","5","2","3","2","5","3","0","4","0","2","5","1","0","0","5","0","2","2","1","2","1","0","1","3","0","2","0","2","3","1","0","0","\Box2_Comments:"
"13","heroinSA","heroin","Box3","08-21-25","250","heroinSA_FR1_roomF_20250821","1","37","4","23","55078","126389","201933","192661","89.63","89.63","9","3","3","2","0","8","0","0","2","0","2","3","0","2","1","1","1","0","11","3","3","2","0","8","0","0","2","0","2","3","4","2","1","1","3","0","9","3","3","2","0","8","0","0","2","0","2","3","0","2","1","1","1","0","\Box3_Comments:"
"14","heroinSA","heroin","Box4","08-21-25","275","heroinSA_FR1_roomF_20250821","1","7","2","5","16966","43740","186143","289834","298.73","298.73","3","1","0","0","0","1","0","0","2","0","0","0","0","0","0","0","0","0","3","1","0","2","0","1","0","0","2","0","0","0","2","0","0","0","0","0","3","1","0","0","0","1","0","0","2","0","0","0","0","0","0","0","0","0","\Box4_Comments:"
"15","heroinSA","heroin","Box5","08-21-25","225","heroinSA_FR1_roomF_20250821","1","27","3","19","126214","169756","165717","51812","94.01","7.11","10","4","1","4","1","1","0","0","0","0","2","2","0","0","1","0","1","0","14","4","1","4","1","1","0","0","0","2","2","2","0","0","1","0","1","0","10","4","1","4","1","1","0","0","0","0","2","2","0","0","1","0","1","0","\Box5_Comments:"
"16","heroinSA","heroin","Box6","08-21-25","275","heroinSA_FR1_roomF_20250821","1","46","13","15","10347","97978","294594","186519","242.8","69.89","6","0","3","0","0","12","0","0","0","0","1","11","0","7","0","6","0","0","8","2","3","0","0","26","0","0","0","0","7","13","0","7","0","6","0","0","6","0","3","0","0","12","0","0","0","0","1","11","0","7","0","6","0","0","\Box6_Comments:"
"17","heroinSA","heroin","Box7","08-21-25","275","heroinSA_FR1_roomF_20250821","1","33","6","22","187066","200576","407210","43003","376.53","376.53","5","2","2","3","1","2","0","2","2","0","5","1","2","1","1","1","2","1","7","2","2","5","1","2","0","2","2","0","9","1","2","1","1","5","2","1","5","2","2","3","1","2","0","2","2","0","5","1","2","1","1","1","2","1","\Box7_Comments:"
"18","heroinSA","heroin","Box8","08-21-25","225","heroinSA_FR1_roomF_20250821","1","7","10","7","161313","232667","114580","43709","102.96","102.96","1","1","1","0","0","0","0","2","0","0","0","1","0","0","1","0","0","0","1","1","5","4","2","0","2","4","0","0","0","5","0","0","3","0","0","0","1","1","1","0","0","0","0","2","0","0","0","1","0","0","1","0","0","0","\Box8_Comments:"
"19","heroinSA","heroin","Box9","08-21-25","250","heroinSA_FR1_roomF_20250821","1","35","7","20","248314","154328","411362","36427","23.63","23.63","7","0","0","2","2","0","0","5","0","0","1","0","0","2","13","0","0","3","7","0","0","6","4","2","0","5","0","0","1","0","0","6","15","0","0","3","7","0","0","2","2","0","0","5","0","0","1","0","0","2","13","0","0","3","\Box9_Comments:"
"20","heroinSA","heroin","Box10","08-21-25","225","heroinSA_FR1_roomF_20250821","1","46","19","20","6","12","6","46","10.14","10.14","11","0","5","0","3","3","0","1","1","0","3","0","7","1","2","0","2","7","29","0","7","0","3","3","0","1","9","2","3","0","11","1","2","0","6","7","11","0","5","0","3","3","0","1","1","0","3","0","7","1","2","0","2","7","\Box10_Comments:"
"21","heroinSA","heroin","Box11","08-21-25","225","heroinSA_FR1_roomF_20250821","1","20","4","15","2","3","2","24","547.19","440.62","2","6","0","1","0","0","0","1","0","2","3","1","1","1","0","1","1","0","6","6","0","1","2","0","0","1","0","2","3","1","1","1","2","1","1","0","2","6","0","1","0","0","0","1","0","2","3","1","1","1","0","1","1","0","\Box11_Comments:"
"11","heroinSA","heroin","Box1","08-22-25","243","heroinSA_FR1_roomF_20250822","1","30","4","11","57047","125688","207568","200734","336.05","332.68","5","4","0","4","2","1","0","0","0","5","0","0","0","6","0","0","3","0","7","8","0","4","2","1","0","0","0","5","0","0","0","6","0","0","5","0","5","4","0","4","2","1","0","0","0","5","0","0","0","6","0","0","3","0","\Box1_Comments:"
"12","heroinSA","heroin","Box2","08-22-25","213","heroinSA_FR1_roomF_20250822","1","8","6","7","57423","100720","191737","213990","125.78","125.78","1","0","0","0","0","0","0","0","0","2","0","2","0","0","0","1","0","2","1","0","2","0","2","0","0","0","0","2","0","4","0","2","0","3","0","4","1","0","0","0","0","0","0","0","0","2","0","2","0","0","0","1","0","2","\Box2_Comments:"
"13","heroinSA","heroin","Box3","08-22-25","267","heroinSA_FR1_roomF_20250822","1","42","1","28","57604","143625","217669","191690","104.26","104.26","9","1","2","2","3","1","0","0","3","1","0","2","5","0","4","2","5","2","9","1","2","2","5","1","0","0","3","1","0","2","5","0","4","2","5","2","9","1","2","2","3","1","0","0","3","1","0","2","5","0","4","2","5","2","\Box3_Comments:"
"14","heroinSA","heroin","Box4","08-22-25","293","heroinSA_FR1_roomF_20250822","1","16","0","15","25901","61055","212675","288982","106.96","106.96","2","1","1","2","1","0","1","1","0","0","1","1","1","1","0","1","2","0","2","1","1","2","1","0","1","1","0","0","1","1","1","1","0","1","2","0","2","1","1","2","1","0","1","1","0","0","1","1","1","1","0","1","2","0","\Box4_Comments:"
"15","heroinSA","heroin","Box5","08-22-25","240","heroinSA_FR1_roomF_20250822","1","43","3","26","207287","224428","87875","21517","133.78","133.78","12","11","2","2","4","0","7","0","0","0","0","0","0","2","0","2","1","0","14","11","2","2","4","2","7","0","0","0","0","2","0","2","0","2","1","0","12","11","2","2","4","0","7","0","0","0","0","0","0","2","0","2","1","0","\Box5_Comments:"
"16","heroinSA","heroin","Box6","08-22-25","270","heroinSA_FR1_roomF_20250822","1","68","27","29","38857","104051","274903","208376","57.79","57.79","12","0","5","4","3","0","11","0","0","3","3","3","4","10","0","0","5","5","16","0","13","4","9","0","21","0","0","15","3","3","8","10","0","8","7","5","12","0","5","4","3","0","11","0","0","3","3","3","4","10","0","0","5","5","\Box6_Comments:"
"17","heroinSA","heroin","Box7","08-22-25","290","heroinSA_FR1_roomF_20250822","1","37","9","22","163683","187413","384447","86170","263.84","55.48","6","5","1","2","2","2","3","3","1","0","1","1","1","2","1","0","3","3","18","5","1","2","2","6","3","3","1","0","3","1","1","2","1","0","3","3","6","5","1","2","2","2","3","3","1","0","1","1","1","2","1","0","3","3","\Box7_Comments:"
"18","heroinSA","heroin","Box8","08-22-25","245","heroinSA_FR1_roomF_20250822","1","26","32","18","166648","254254","126256","39027","5.66","5.66","3","0","5","2","0","0","0","1","0","0","9","0","0","1","0","3","2","0","3","0","7","2","0","0","0","5","0","2","51","0","0","7","0","11","2","0","3","0","5","2","0","0","0","1","0","0","9","0","0","1","0","3","2","0","\Box8_Comments:"
"19","heroinSA","heroin","Box9","08-22-25","250","heroinSA_FR1_roomF_20250822","1","42","0","28","218169","170941","394616","43727","8.38","8.38","10","0","1","0","1","0","3","5","3","7","0","1","2","2","0","7","0","0","10","0","1","0","1","0","3","5","3","7","0","1","2","2","0","7","0","0","10","0","1","0","1","0","3","5","3","7","0","1","2","2","0","7","0","0","\Box9_Comments:"
"20","heroinSA","heroin","Box10","08-22-25","230","heroinSA_FR1_roomF_20250822","1","33","22","13","5","14","8","8","100.98","100.98","7","4","3","0","1","0","14","0","0","3","0","0","0","1","0","0","0","0","15","4","13","0","1","0","16","0","4","3","6","8","0","7","0","0","0","0","7","4","3","0","1","0","14","0","0","3","0","0","0","1","0","0","0","0","\Box10_Comments:"
"21","heroinSA","heroin","Box11","08-22-25","254","heroinSA_FR1_roomF_20250822","1","0","0","0","0","0","0","0",NA,NA,"0","0","0","0","0","0","0","0","0","0","0","0","0","0","0","0","0","0","0","0","0","0","0","0","0","0","0","0","0","0","0","0","0","0","0","0","0","0","0","0","0","0","0","0","0","0","0","0","0","0","0","0","0","0","\Box11_Comments:"
"11","heroinSA","heroin","Box1","08-25-25","264","heroinSA_FR1_roomF_20250825","1","23","10","16","56182","163815","265869","135323","195.32","195.32","2","1","1","0","9","0","0","2","0","2","0","0","0","4","0","1","0","1","2","7","5","0","13","0","0","2","0","2","2","0","4","4","0","1","0","1","2","1","1","0","9","0","0","2","0","2","0","0","0","4","0","1","0","1","\Box1_Comments:"
"12","heroinSA","heroin","Box2","08-25-25","232","heroinSA_FR1_roomF_20250825","1","22","19","14","58242","168397","254117","146874","15.6","15.6","7","2","1","2","0","1","1","1","0","1","3","0","0","1","1","1","0","0","13","6","5","6","4","5","5","1","2","3","3","2","0","1","1","1","0","2","7","2","1","2","0","1","1","1","0","1","3","0","0","1","1","1","0","0","\Box2_Comments:"
"13","heroinSA","heroin","Box3","08-25-25","297","heroinSA_FR1_roomF_20250825","1","52","1","39","89802","219414","221631","116432","45.09","45.09","7","4","3","2","2","3","4","2","5","1","2","0","2","0","5","0","8","2","7","4","3","2","2","3","4","2","5","1","2","0","2","0","5","0","10","2","7","4","3","2","2","3","4","2","5","1","2","0","2","0","5","0","8","2","\Box3_Comments:"
"14","heroinSA","heroin","Box4","08-25-25","319","heroinSA_FR1_roomF_20250825","1","19","1","18","22957","83150","282696","257691","119.68","118.42","2","2","0","2","0","1","2","1","0","3","2","0","0","1","0","2","1","0","4","2","0","2","0","1","2","1","0","3","2","0","0","1","0","2","1","0","2","2","0","2","0","1","2","1","0","3","2","0","0","1","0","2","1","0","\Box4_Comments:"
"15","heroinSA","heroin","Box5","08-25-25","292","heroinSA_FR1_roomF_20250825","1","31","0","22","128123","255196","164873","56651","9.3","9.3","9","2","7","4","0","0","0","0","2","2","0","1","1","2","1","0","0","0","9","2","7","4","0","0","0","0","2","2","0","1","1","2","1","0","0","0","9","2","7","4","0","0","0","0","2","2","0","1","1","2","1","0","0","0","\Box5_Comments:"
"16","heroinSA","heroin","Box6","08-25-25","324","heroinSA_FR1_roomF_20250825","1","51","8","26","34592","190609","266787","115203","367.43","367.43","2","2","5","7","0","4","4","1","3","1","4","1","2","7","0","2","5","1","2","2","9","7","0","4","4","1","3","5","4","1","4","9","0","2","9","1","2","2","5","7","0","4","4","1","3","1","4","1","2","7","0","2","5","1","\Box6_Comments:"
"17","heroinSA","heroin","Box7","08-25-25","297","heroinSA_FR1_roomF_20250825","1","33","10","18","159678","273633","387413","33184","88.93","8.55","11","0","4","4","0","1","1","5","0","2","1","1","0","0","0","1","2","0","19","0","8","4","0","1","1","5","0","2","1","1","0","2","0","7","2","0","11","0","4","4","0","1","1","5","0","2","1","1","0","0","0","1","2","0","\Box7_Comments:"
"18","heroinSA","heroin","Box8","08-25-25","265","heroinSA_FR1_roomF_20250825","1","42","21","26","170389","284987","125430","24288","103.9","103.9","7","1","4","3","0","2","0","7","1","1","1","2","0","0","2","10","0","1","7","7","16","3","0","6","4","7","1","1","1","4","0","0","10","16","0","1","7","1","4","3","0","2","0","7","1","1","1","2","0","0","2","10","0","1","\Box8_Comments:"
"19","heroinSA","heroin","Box9","08-25-25","0","heroinSA_FR1_roomF_20250825","1","0","0","0","0","0","390105","0",NA,NA,"0","0","0","0","0","0","0","0","0","0","0","0","0","0","0","0","0","0","0","0","0","0","0","0","0","0","0","0","0","0","0","0","0","0","0","0","0","0","0","0","0","0","0","0","0","0","0","0","0","0","0","0","0","0","\Box9_Comments:"
"20","heroinSA","heroin","Box10","08-25-25","274","heroinSA_FR1_roomF_20250825","1","7","5","4","3","1","3","2","14.98","14.98","2","3","0","0","0","0","0","0","0","0","0","0","0","0","0","0","0","0","8","8","0","0","0","0","0","0","0","0","0","0","0","0","0","0","0","0","2","3","0","0","0","0","0","0","0","0","0","0","0","0","0","0","0","0","\Box10_Comments:"
"21","heroinSA","heroin","Box11","08-25-25","0","heroinSA_FR1_roomF_20250825","1","0","0","0","0","0","0","0",NA,NA,"0","0","0","0","0","0","0","0","0","0","0","0","0","0","0","0","0","0","0","0","0","0","0","0","0","0","0","0","0","0","0","0","0","0","0","0","0","0","0","0","0","0","0","0","0","0","0","0","0","0","0","0","0","0","\Box11_Comments:"
"11","heroinSA","heroin","Box1","08-26-25","264","heroinSA_FR1_roomF_20250826.txt","1","34","13","13","45350","144504","262906","174720","141.27","13.1","9","7","0","0","4","0","0","0","0","0","3","2","0","2","3","2","0","2","15","23","0","0","4","0","0","0","0","4","3","2","0","2","3","2","0","2","9","7","0","0","4","0","0","0","0","0","3","2","0","2","3","2","0","2","\Box1_Comments:"
"12","heroinSA","heroin","Box2","08-26-25","234","heroinSA_FR1_roomF_20250826.txt","1","28","16","22","51959","150069","254354","153354","12.2","12.2","2","5","1","1","3","0","2","2","0","3","0","3","0","0","1","2","3","0","4","5","3","1","11","0","10","2","2","3","0","5","4","0","3","4","3","0","2","5","1","1","3","0","2","2","0","3","0","3","0","0","1","2","3","0","\Box2_Comments:"
"13","heroinSA","heroin","Box3","08-26-25","295","heroinSA_FR1_roomF_20250826.txt","1","53","2","37","88166","189261","217586","134352","25.23","4.18","8","3","2","1","3","7","0","4","7","1","3","0","2","1","2","3","3","3","12","3","2","1","3","7","0","4","7","1","3","0","2","1","2","3","3","3","8","3","2","1","3","7","0","4","7","1","3","0","2","1","2","3","3","3","\Box3_Comments:"
"14","heroinSA","heroin","Box4","08-26-25","306","heroinSA_FR1_roomF_20250826.txt","1","17","3","17","21234","84988","270449","252912","166.84","138.73","3","2","0","1","1","1","0","0","1","1","0","1","1","1","1","1","1","1","7","2","0","1","3","1","0","0","1","1","0","1","1","1","1","1","1","1","3","2","0","1","1","1","0","0","1","1","0","1","1","1","1","1","1","1","\Box4_Comments:"
"15","heroinSA","heroin","Box5","08-26-25","256","heroinSA_FR1_roomF_20250826.txt","1","64","8","36","158030","248139","110555","49362","59.22","7.81","16","8","0","9","4","3","0","2","0","2","0","0","4","8","5","1","1","1","26","8","0","11","4","3","0","2","0","2","0","4","4","8","5","1","1","1","16","8","0","9","4","3","0","2","0","2","0","0","4","8","5","1","1","1","\Box5_Comments:"
"16","heroinSA","heroin","Box6","08-26-25","281","heroinSA_FR1_roomF_20250826.txt","1","54","16","24","29673","124115","245666","162580","214.57","214.57","3","16","0","7","5","2","0","4","4","4","1","0","2","0","1","2","2","1","3","24","0","9","7","2","4","12","4","6","1","0","2","0","1","8","2","1","3","16","0","7","5","2","0","4","4","4","1","0","2","0","1","2","2","1","\Box6_Comments:"
"17","heroinSA","heroin","Box7","08-26-25","315","heroinSA_FR1_roomF_20250826.txt","1","47","9","26","180669","239779","377165","26437","114.86","53.35","9","1","1","3","1","2","3","3","1","5","1","2","2","4","2","2","2","3","15","1","5","3","1","2","3","3","1","11","1","2","2","4","2","2","4","3","9","1","1","3","1","2","3","3","1","5","1","2","2","4","2","2","2","3","\Box7_Comments:"
"18","heroinSA","heroin","Box8","08-26-25","257","heroinSA_FR1_roomF_20250826.txt","1","37","38","22","174041","290038","102973","16799","61.28","28.44","4","6","0","0","4","0","4","0","1","9","0","0","0","0","5","0","2","2","6","26","0","0","22","4","18","0","5","9","0","0","4","0","13","0","2","4","4","6","0","0","4","0","4","0","1","9","0","0","0","0","5","0","2","2","\Box8_Comments:"
"19","heroinSA","heroin","Box9","08-26-25","0","heroinSA_FR1_roomF_20250826.txt","1","0","0","0","0","0","377298","0",NA,NA,"0","0","0","0","0","0","0","0","0","0","0","0","0","0","0","0","0","0","0","0","0","0","0","0","0","0","0","0","0","0","0","0","0","0","0","0","0","0","0","0","0","0","0","0","0","0","0","0","0","0","0","0","0","0","\Box9_Comments:"
"20","heroinSA","heroin","Box10","08-26-25","0","heroinSA_FR1_roomF_20250826.txt","1","0","0","0","0","0","0","0",NA,NA,"0","0","0","0","0","0","0","0","0","0","0","0","0","0","0","0","0","0","0","0","0","0","0","0","0","0","0","0","0","0","0","0","0","0","0","0","0","0","0","0","0","0","0","0","0","0","0","0","0","0","0","0","0","0","\Box10_Comments:"
"21","heroinSA","heroin","Box11","08-26-25","0","heroinSA_FR1_roomF_20250826.txt","1","0","0","0","0","0","0","0",NA,NA,"0","0","0","0","0","0","0","0","0","0","0","0","0","0","0","0","0","0","0","0","0","0","0","0","0","0","0","0","0","0","0","0","0","0","0","0","0","0","0","0","0","0","0","0","0","0","0","0","0","0","0","0","0","0","\Box11_Comments:"
"11","heroinSA","heroin","Box1","08-27-25","264","heroinSA_FR1_roomF_20250827","1","78","29","36","146722","220766","173399","85370","57.69","57.69","2","2","14","10","0","0","3","0","1","0","14","0","10","6","5","6","5","0","8","4","26","10","0","0","3","0","11","4","14","0","34","6","5","6","5","0","2","2","14","10","0","0","3","0","1","0","14","0","10","6","5","6","5","0","\Box1_Comments:"
"12","heroinSA","heroin","Box2","08-27-25","238","heroinSA_FR1_roomF_20250827","1","30","3","21","43691","155397","251657","149831","22.65","0.75","5","1","2","1","1","2","4","0","4","0","3","0","1","0","3","0","2","1","7","1","2","1","3","2","6","0","4","0","3","0","1","0","3","0","2","1","5","1","2","1","1","2","4","0","4","0","3","0","1","0","3","0","2","1","\Box2_Comments:"
"13","heroinSA","heroin","Box3","08-27-25","293","heroinSA_FR1_roomF_20250827","1","41","3","27","102519","229627","197312","92346","46.1","39.27","10","2","3","2","3","1","3","2","0","0","4","0","1","2","2","5","1","0","12","2","3","2","3","1","3","2","0","0","4","0","1","6","2","5","1","0","10","2","3","2","3","1","3","2","0","0","4","0","1","2","2","5","1","0","\Box3_Comments:"
"14","heroinSA","heroin","Box4","08-27-25","306","heroinSA_FR1_roomF_20250827","1","23","0","19","31322","87886","252345","250687","23.12","23.12","5","2","2","0","1","1","1","1","3","1","0","1","0","1","1","1","2","0","5","2","2","0","1","1","1","1","3","1","0","1","0","1","1","1","2","0","5","2","2","0","1","1","1","1","3","1","0","1","0","1","1","1","2","0","\Box4_Comments:"
"15","heroinSA","heroin","Box5","08-27-25","258","heroinSA_FR1_roomF_20250827","1","33","26","21","69270","67454","64221","255635","14.05","7.54","8","1","8","9","2","0","0","2","0","0","0","0","3","0","0","0","0","0","12","17","10","31","2","0","0","2","0","8","0","0","3","0","0","0","0","0","8","1","8","9","2","0","0","2","0","0","0","0","3","0","0","0","0","0","\Box5_Comments:06"
"16","heroinSA","heroin","Box6","08-27-25","286","heroinSA_FR1_roomF_20250827","1","39","16","18","52732","165321","242409","144424","24.24","24.24","15","2","5","3","0","0","0","2","3","0","1","2","3","0","2","1","0","0","15","12","7","5","0","0","0","2","3","0","3","2","3","0","2","13","0","4","15","2","5","3","0","0","0","2","3","0","1","2","3","0","2","1","0","0","\Box6_Comments:"
"17","heroinSA","heroin","Box7","08-27-25","310","heroinSA_FR1_roomF_20250827","1","55","7","31","158075","232632","402946","44391","74.83","27.99","8","3","3","3","1","2","4","2","3","4","1","4","1","1","4","6","1","4","18","3","3","5","1","2","4","2","3","4","3","4","1","1","4","6","1","4","8","3","3","3","1","2","4","2","3","4","1","4","1","1","4","6","1","4","\Box7_Comments:"
"18","heroinSA","heroin","Box8","08-27-25","257","heroinSA_FR1_roomF_20250827","1","32","12","21","140608","279893","121263","23935","345.42","64.89","2","1","0","1","1","7","0","1","2","0","1","4","0","5","4","0","0","3","8","3","4","1","3","7","0","3","2","0","1","4","0","5","4","0","6","5","2","1","0","1","1","7","0","1","2","0","1","4","0","5","4","0","0","3","\Box8_Comments:"
"19","heroinSA","heroin","Box9","08-27-25","250","heroinSA_FR1_roomF_20250827","1","0","0","0","0","0","403815","0",NA,NA,"0","0","0","0","0","0","0","0","0","0","0","0","0","0","0","0","0","0","0","0","0","0","0","0","0","0","0","0","0","0","0","0","0","0","0","0","0","0","0","0","0","0","0","0","0","0","0","0","0","0","0","0","0","0","\Box9_Comments:"
"20","heroinSA","heroin","Box10","08-27-25","250","heroinSA_FR1_roomF_20250827","1","0","0","0","0","0","0","0",NA,NA,"0","0","0","0","0","0","0","0","0","0","0","0","0","0","0","0","0","0","0","0","0","0","0","0","0","0","0","0","0","0","0","0","0","0","0","0","0","0","0","0","0","0","0","0","0","0","0","0","0","0","0","0","0","0","\Box10_Comments:"
"21","heroinSA","heroin","Box11","08-27-25","250","heroinSA_FR1_roomF_20250827","1","0","0","0","0","0","0","0",NA,NA,"0","0","0","0","0","0","0","0","0","0","0","0","0","0","0","0","0","0","0","0","0","0","0","0","0","0","0","0","0","0","0","0","0","0","0","0","0","0","0","0","0","0","0","0","0","0","0","0","0","0","0","0","0","0","\Box11_Comments:"
